-- Backup N&M Refrigeração - 2025-12-16_20-19-36
-- Tipo: diario


-- Estrutura da tabela agendamentos
DROP TABLE IF EXISTS `agendamentos`;
CREATE TABLE `agendamentos` (
  `id` int NOT NULL AUTO_INCREMENT,
  `cliente_id` int NOT NULL,
  `servico_id` int NOT NULL,
  `data_agendamento` date NOT NULL,
  `hora_agendamento` time NOT NULL,
  `endereco` text COLLATE utf8mb4_general_ci,
  `tempo_estimado_minutos` int DEFAULT '60',
  `observacoes` text COLLATE utf8mb4_general_ci,
  `acrescimo_especial` decimal(10,2) DEFAULT '0.00',
  `status` enum('agendado','confirmado','realizado','cancelado','finalizado') CHARACTER SET utf8mb4 COLLATE utf8mb4_general_ci DEFAULT 'agendado',
  `data_criacao` timestamp NOT NULL DEFAULT CURRENT_TIMESTAMP,
  `origem` varchar(50) COLLATE utf8mb4_general_ci DEFAULT 'site',
  `origem_id` int DEFAULT NULL,
  `data_fim` date DEFAULT NULL,
  `hora_fim` time DEFAULT NULL,
  `orcamento_id` int DEFAULT NULL,
  `duracao_estimada` decimal(4,2) DEFAULT '1.50',
  `duracao_estimada_min` int DEFAULT '120' COMMENT 'Duração estimada em minutos do serviço',
  PRIMARY KEY (`id`),
  KEY `cliente_id` (`cliente_id`),
  KEY `servico_id` (`servico_id`),
  CONSTRAINT `agendamentos_ibfk_1` FOREIGN KEY (`cliente_id`) REFERENCES `clientes` (`id`),
  CONSTRAINT `agendamentos_ibfk_2` FOREIGN KEY (`servico_id`) REFERENCES `servicos` (`id`)
) ENGINE=InnoDB AUTO_INCREMENT=119 DEFAULT CHARSET=utf8mb4 COLLATE=utf8mb4_general_ci;

-- Dados da tabela agendamentos
INSERT INTO `agendamentos` (`id`, `cliente_id`, `servico_id`, `data_agendamento`, `hora_agendamento`, `endereco`, `tempo_estimado_minutos`, `observacoes`, `acrescimo_especial`, `status`, `data_criacao`, `origem`, `origem_id`, `data_fim`, `hora_fim`, `orcamento_id`, `duracao_estimada`, `duracao_estimada_min`) VALUES ('112', '60', '8', '2025-12-13', '17:00:00', 'Rua Itanhaém, 138 - Vila Anchieta, São José do Rio Preto', '60', '=== SERVIÇOS SOLICITADOS ===\n• Manutenção corretiva, Diagnóstico e Reparo (x1) - R$ 100,00\n  Detalhes dos equipamentos:\n  - Equipamento 1: 12000 BTUs\n\n=== AGENDAMENTO ===\nData: 13/12/2025\nHorário: 17:00\nCliente: Neltel\nWhatsApp: (34) 9 9916-2340\n\n=== AJUSTES APLICADOS ===\n• Fim de semana/Feriado: +10% (R$ +10,00)\n• Horário noturno: +5% (R$ +5,00)\n\n=== VALORES ===\nTotal ajustes: R$ +15,00\nValor final: R$ 115,00\n', '15.00', 'agendado', '2025-12-12 04:59:19', 'sistema_ia', '105', '', '', '', '1.50', '120');
INSERT INTO `agendamentos` (`id`, `cliente_id`, `servico_id`, `data_agendamento`, `hora_agendamento`, `endereco`, `tempo_estimado_minutos`, `observacoes`, `acrescimo_especial`, `status`, `data_criacao`, `origem`, `origem_id`, `data_fim`, `hora_fim`, `orcamento_id`, `duracao_estimada`, `duracao_estimada_min`) VALUES ('113', '61', '7', '2025-12-20', '09:00:00', 'rua Sebastião de Souza Guimarães casa 14, 200 - Cambui, São José do Rio Preto', '60', '=== SERVIÇOS SOLICITADOS ===\n• Limpeza Completa (no local com bolsa coletora) (x3) - R$ 600,00\n  Detalhes dos equipamentos:\n  - Equipamento 1: 12000 BTUs\n  - Equipamento 2: 12000 BTUs\n  - Equipamento 3: 18000 BTUs\n\n=== AGENDAMENTO ===\nData: 20/12/2025\nHorário: 09:00\nCliente: Daniel da riopretania\nWhatsApp: (17) 9 8138-9114\n\n=== AJUSTES APLICADOS ===\n• Fim de semana/Feriado: +10% (R$ +60,00)\n\n=== VALORES ===\nTotal ajustes: R$ +60,00\nValor final: R$ 660,00\n', '60.00', 'agendado', '2025-12-12 11:55:39', 'sistema_ia', '106', '', '', '', '1.50', '120');
INSERT INTO `agendamentos` (`id`, `cliente_id`, `servico_id`, `data_agendamento`, `hora_agendamento`, `endereco`, `tempo_estimado_minutos`, `observacoes`, `acrescimo_especial`, `status`, `data_criacao`, `origem`, `origem_id`, `data_fim`, `hora_fim`, `orcamento_id`, `duracao_estimada`, `duracao_estimada_min`) VALUES ('114', '60', '5', '2025-12-16', '10:00:00', 'rua, n - bairro, cidade', '60', '=== SERVIÇOS SOLICITADOS ===\n• Instalação de ar condicionado (x1) - R$ 350,00\n  Detalhes dos equipamentos:\n  - Equipamento 1: 120000 BTUs\n\n=== AGENDAMENTO ===\nData: 16/12/2025\nHorário: 10:00\nCliente: apenas 1 teste\nWhatsApp: (34) 9 9916-2340\n\n=== AJUSTES APLICADOS ===\n\n=== VALORES ===\nTotal ajustes: R$ +0,00\nValor final: R$ 350,00\n', '0.00', 'agendado', '2025-12-15 15:11:22', 'sistema_ia', '107', '', '', '', '1.50', '120');
INSERT INTO `agendamentos` (`id`, `cliente_id`, `servico_id`, `data_agendamento`, `hora_agendamento`, `endereco`, `tempo_estimado_minutos`, `observacoes`, `acrescimo_especial`, `status`, `data_criacao`, `origem`, `origem_id`, `data_fim`, `hora_fim`, `orcamento_id`, `duracao_estimada`, `duracao_estimada_min`) VALUES ('115', '62', '5', '2025-12-17', '08:00:00', 'rua 111, er - erer, erer', '60', '=== SERVIÇOS SOLICITADOS ===\n• Instalação de ar condicionado (x2) - R$ 700,00\n  Tempo: 4 horas (Min: 2 horas | Máx: 8 horas)\n  Detalhes dos equipamentos:\n  - Equipamento 1: 1000 BTUs\n  - Equipamento 2: 22222 BTUs\n• Limpeza Completa (no local com bolsa coletora) (x3) - R$ 600,00\n  Tempo: 2 horas (Min: 1 hora | Máx: 4 horas)\n  Detalhes dos equipamentos:\n  - Equipamento 1: 33333 BTUs\n  - Equipamento 2: 444444 BTUs\n  - Equipamento 3: 55555 BTUs\n\n=== AGENDAMENTO ===\nData: 17/12/2025\nHorário: 08:00\nCliente: fgfgfgfgfgfgg\nWhatsApp: (45) 4 5455-4545\n\n=== INFORMAÇÕES DE TEMPO ===\nTempo total estimado: 14 horas\nFaixa de tempo: 7 horas a 28 horas\n\n=== AJUSTES APLICADOS ===\n\n=== VALORES ===\nTotal ajustes: R$ +0,00\nValor final: R$ 1.300,00\n', '0.00', 'agendado', '2025-12-15 21:18:40', 'sistema_ia', '108', '', '', '', '1.50', '120');
INSERT INTO `agendamentos` (`id`, `cliente_id`, `servico_id`, `data_agendamento`, `hora_agendamento`, `endereco`, `tempo_estimado_minutos`, `observacoes`, `acrescimo_especial`, `status`, `data_criacao`, `origem`, `origem_id`, `data_fim`, `hora_fim`, `orcamento_id`, `duracao_estimada`, `duracao_estimada_min`) VALUES ('116', '63', '5', '2025-12-18', '08:00:00', 'www, ww - bairro, cidade', '60', '=== SERVIÇOS SOLICITADOS ===\n• Instalação de ar condicionado (x1) - R$ 350,00\n  Tempo: 4 horas (Min: 2 horas | Máx: 8 horas)\n  Detalhes dos equipamentos:\n  - Equipamento 1: 12000 BTUs\n\n=== AGENDAMENTO ===\nData: 18/12/2025\nHorário: 08:00\nCliente: fdfdfdf\nWhatsApp: (23) 2 3232-3233\n\n=== INFORMAÇÕES DE TEMPO ===\nTempo total estimado: 4 horas\nFaixa de tempo: 2 horas a 8 horas\n\n=== AJUSTES APLICADOS ===\n\n=== VALORES ===\nTotal ajustes: R$ +0,00\nValor final: R$ 350,00\n', '0.00', 'agendado', '2025-12-16 13:38:00', 'sistema_ia', '109', '', '', '', '1.50', '120');
INSERT INTO `agendamentos` (`id`, `cliente_id`, `servico_id`, `data_agendamento`, `hora_agendamento`, `endereco`, `tempo_estimado_minutos`, `observacoes`, `acrescimo_especial`, `status`, `data_criacao`, `origem`, `origem_id`, `data_fim`, `hora_fim`, `orcamento_id`, `duracao_estimada`, `duracao_estimada_min`) VALUES ('117', '64', '5', '2025-12-20', '17:00:00', 'www, ww - bairro, cidade', '60', '=== SERVIÇOS SOLICITADOS ===\n• Instalação de ar condicionado (x1) - R$ 350,00\n  Tempo: 4 horas (Min: 2 horas | Máx: 8 horas)\n  Detalhes dos equipamentos:\n  - Equipamento 1: 12000 BTUs\n\n=== AGENDAMENTO ===\nData: 20/12/2025\nHorário: 17:00\nCliente: fdfdfdf\nWhatsApp: (23) 2 3232-3233\n\n=== INFORMAÇÕES DE TEMPO ===\nTempo total estimado: 4 horas\nFaixa de tempo: 2 horas a 8 horas\n\n=== AJUSTES APLICADOS ===\n• Fim de semana/Feriado: +10% (R$ +35,00)\n• Horário noturno: +5% (R$ +17,50)\n\n=== VALORES ===\nTotal ajustes: R$ +52,50\nValor final: R$ 402,50\n', '52.50', 'agendado', '2025-12-16 17:15:05', 'sistema_ia', '110', '', '', '', '1.50', '120');
INSERT INTO `agendamentos` (`id`, `cliente_id`, `servico_id`, `data_agendamento`, `hora_agendamento`, `endereco`, `tempo_estimado_minutos`, `observacoes`, `acrescimo_especial`, `status`, `data_criacao`, `origem`, `origem_id`, `data_fim`, `hora_fim`, `orcamento_id`, `duracao_estimada`, `duracao_estimada_min`) VALUES ('118', '65', '5', '2025-12-20', '18:00:00', 'www, ww - bairro, cidade', '60', '=== SERVIÇOS SOLICITADOS ===\n• Instalação de ar condicionado (x1) - R$ 350,00\n  Tempo: 4 horas (Min: 2 horas | Máx: 8 horas)\n  Detalhes dos equipamentos:\n  - Equipamento 1: 12000 BTUs\n\n=== AGENDAMENTO ===\nData: 20/12/2025\nHorário: 18:00\nCliente: fdfdfdf\nWhatsApp: (23) 2 3232-3233\n\n=== INFORMAÇÕES DE TEMPO ===\nTempo total estimado: 4 horas\nFaixa de tempo: 2 horas a 8 horas\n\n=== AJUSTES APLICADOS ===\n• Fim de semana/Feriado: +10% (R$ +35,00)\n• Horário noturno: +5% (R$ +17,50)\n\n=== VALORES ===\nTotal ajustes: R$ +52,50\nValor final: R$ 402,50\n', '52.50', 'agendado', '2025-12-16 17:21:24', 'sistema_ia', '111', '', '', '', '1.50', '120');


-- Estrutura da tabela clientes
DROP TABLE IF EXISTS `clientes`;
CREATE TABLE `clientes` (
  `id` int NOT NULL AUTO_INCREMENT,
  `nome` varchar(100) COLLATE utf8mb4_general_ci NOT NULL,
  `email` varchar(100) COLLATE utf8mb4_general_ci DEFAULT NULL,
  `telefone` varchar(20) COLLATE utf8mb4_general_ci DEFAULT NULL,
  `rua` varchar(255) COLLATE utf8mb4_general_ci DEFAULT NULL,
  `numero` varchar(10) COLLATE utf8mb4_general_ci DEFAULT NULL,
  `bairro` varchar(100) COLLATE utf8mb4_general_ci DEFAULT NULL,
  `cidade` varchar(100) COLLATE utf8mb4_general_ci DEFAULT NULL,
  `data_cadastro` timestamp NOT NULL DEFAULT CURRENT_TIMESTAMP,
  PRIMARY KEY (`id`)
) ENGINE=InnoDB AUTO_INCREMENT=67 DEFAULT CHARSET=utf8mb4 COLLATE=utf8mb4_general_ci;

-- Dados da tabela clientes
INSERT INTO `clientes` (`id`, `nome`, `email`, `telefone`, `rua`, `numero`, `bairro`, `cidade`, `data_cadastro`) VALUES ('19', 'NELTEL SINDEAUX SEVERINO NETO', 'neltelneto1@gmail.com', '(34) 99916-2340', 'R. Itanhaém', '138', 'Vila Anchieta', 'São José do Rio Preto', '2025-11-22 14:07:45');
INSERT INTO `clientes` (`id`, `nome`, `email`, `telefone`, `rua`, `numero`, `bairro`, `cidade`, `data_cadastro`) VALUES ('20', 'Leonardo Felix', 'leonardofelix@neltel.com', '(17) 99642-4647', 'Fenhouse', 'Quadra J', 'Lote 3', 'Fenhouse', '2025-11-25 08:51:20');
INSERT INTO `clientes` (`id`, `nome`, `email`, `telefone`, `rua`, `numero`, `bairro`, `cidade`, `data_cadastro`) VALUES ('60', 'apenas 1 testfdf', '', '34999162', '', '', '', '', '2025-12-12 04:59:19');
INSERT INTO `clientes` (`id`, `nome`, `email`, `telefone`, `rua`, `numero`, `bairro`, `cidade`, `data_cadastro`) VALUES ('61', 'Daniel da riopretania', '', '17981389114', 'rua Sebastião de Souza Guimarães casa 14', '200', 'Cambui', 'São José do Rio Preto', '2025-12-12 11:55:39');
INSERT INTO `clientes` (`id`, `nome`, `email`, `telefone`, `rua`, `numero`, `bairro`, `cidade`, `data_cadastro`) VALUES ('62', 'fgfgfgfgfgfgg', '', '45454554545', 'rua 111', 'er', 'erer', 'erer', '2025-12-15 21:18:40');
INSERT INTO `clientes` (`id`, `nome`, `email`, `telefone`, `rua`, `numero`, `bairro`, `cidade`, `data_cadastro`) VALUES ('63', 'fdfdfdf', '', '23232323233', 'www', 'ww', 'bairro', 'cidade', '2025-12-16 13:38:00');
INSERT INTO `clientes` (`id`, `nome`, `email`, `telefone`, `rua`, `numero`, `bairro`, `cidade`, `data_cadastro`) VALUES ('64', 'fdfdfdf', '', '23232323233', 'www', 'ww', 'bairro', 'cidade', '2025-12-16 17:15:05');
INSERT INTO `clientes` (`id`, `nome`, `email`, `telefone`, `rua`, `numero`, `bairro`, `cidade`, `data_cadastro`) VALUES ('65', 'fdfdfdf', '', '23232323233', 'www', 'ww', 'bairro', 'cidade', '2025-12-16 17:21:24');


-- Estrutura da tabela orcamentos
DROP TABLE IF EXISTS `orcamentos`;
CREATE TABLE `orcamentos` (
  `id` int NOT NULL AUTO_INCREMENT,
  `cliente_id` int DEFAULT NULL,
  `servico_id` int DEFAULT NULL,
  `equipamento_marca` varchar(50) COLLATE utf8mb4_general_ci DEFAULT NULL,
  `equipamento_btus` int DEFAULT NULL,
  `equipamento_tipo` varchar(50) COLLATE utf8mb4_general_ci DEFAULT NULL,
  `descricao` text COLLATE utf8mb4_general_ci,
  `valor_total` decimal(12,2) DEFAULT NULL,
  `status` enum('pendente','gerado','enviado','aprovado','recusado','concluido') COLLATE utf8mb4_general_ci DEFAULT 'pendente',
  `observacoes_admin` text COLLATE utf8mb4_general_ci,
  `data_solicitacao` timestamp NOT NULL DEFAULT CURRENT_TIMESTAMP,
  `tipo_servico` enum('instalacao','manutencao','limpeza','reparo','remocao','multiplos') COLLATE utf8mb4_general_ci DEFAULT 'multiplos',
  `valor_mao_obra` decimal(10,2) DEFAULT '0.00',
  `valor_materiais` decimal(10,2) DEFAULT '0.00',
  `valor_servicos_adicionais` decimal(10,2) DEFAULT '0.00',
  `duracao_total_estimada_min` int DEFAULT NULL,
  `data_inicio_estimada` datetime DEFAULT NULL,
  `data_fim_estimada` datetime DEFAULT NULL,
  `servicos_ids` text COLLATE utf8mb4_general_ci,
  PRIMARY KEY (`id`),
  KEY `cliente_id` (`cliente_id`),
  KEY `servico_id` (`servico_id`),
  CONSTRAINT `orcamentos_ibfk_1` FOREIGN KEY (`cliente_id`) REFERENCES `clientes` (`id`),
  CONSTRAINT `orcamentos_ibfk_2` FOREIGN KEY (`servico_id`) REFERENCES `servicos` (`id`)
) ENGINE=InnoDB AUTO_INCREMENT=113 DEFAULT CHARSET=utf8mb4 COLLATE=utf8mb4_general_ci;

-- Dados da tabela orcamentos
INSERT INTO `orcamentos` (`id`, `cliente_id`, `servico_id`, `equipamento_marca`, `equipamento_btus`, `equipamento_tipo`, `descricao`, `valor_total`, `status`, `observacoes_admin`, `data_solicitacao`, `tipo_servico`, `valor_mao_obra`, `valor_materiais`, `valor_servicos_adicionais`, `duracao_total_estimada_min`, `data_inicio_estimada`, `data_fim_estimada`, `servicos_ids`) VALUES ('34', '19', '', 'Consul', '30000', '', 'ssss', '70.00', 'pendente', '', '2025-11-22 14:07:45', 'multiplos', '0.00', '0.00', '0.00', '', '', '', '');
INSERT INTO `orcamentos` (`id`, `cliente_id`, `servico_id`, `equipamento_marca`, `equipamento_btus`, `equipamento_tipo`, `descricao`, `valor_total`, `status`, `observacoes_admin`, `data_solicitacao`, `tipo_servico`, `valor_mao_obra`, `valor_materiais`, `valor_servicos_adicionais`, `duracao_total_estimada_min`, `data_inicio_estimada`, `data_fim_estimada`, `servicos_ids`) VALUES ('35', '19', '', 'LG', '9000', '', 'Instalação ar condicionado', '1890.00', 'enviado', 'Obs internas', '2025-11-22 20:37:01', 'multiplos', '0.00', '0.00', '0.00', '', '', '', '');
INSERT INTO `orcamentos` (`id`, `cliente_id`, `servico_id`, `equipamento_marca`, `equipamento_btus`, `equipamento_tipo`, `descricao`, `valor_total`, `status`, `observacoes_admin`, `data_solicitacao`, `tipo_servico`, `valor_mao_obra`, `valor_materiais`, `valor_servicos_adicionais`, `duracao_total_estimada_min`, `data_inicio_estimada`, `data_fim_estimada`, `servicos_ids`) VALUES ('36', '20', '', 'TCL', '12000', '', 'Instalação do ar condicionado TCL 12 e 18 mil BTUs', '700.00', 'enviado', '', '2025-11-25 08:51:20', 'multiplos', '0.00', '0.00', '0.00', '', '', '', '');
INSERT INTO `orcamentos` (`id`, `cliente_id`, `servico_id`, `equipamento_marca`, `equipamento_btus`, `equipamento_tipo`, `descricao`, `valor_total`, `status`, `observacoes_admin`, `data_solicitacao`, `tipo_servico`, `valor_mao_obra`, `valor_materiais`, `valor_servicos_adicionais`, `duracao_total_estimada_min`, `data_inicio_estimada`, `data_fim_estimada`, `servicos_ids`) VALUES ('106', '61', '', '', '', '', '=== SERVIÇOS SOLICITADOS ===\n• Limpeza Completa (no local com bolsa coletora) (x3) - R$ 600,00\n  Detalhes dos equipamentos:\n  - Equipamento 1: 12000 BTUs\n  - Equipamento 2: 12000 BTUs\n  - Equipamento 3: 18000 BTUs\n\n=== AGENDAMENTO ===\nData: 20/12/2025\nHorário: 09:00\nCliente: Daniel da riopretania\nWhatsApp: (17) 9 8138-9114\n\n=== AJUSTES APLICADOS ===\n• Fim de semana/Feriado: +10% (R$ +60,00)\n\n=== VALORES ===\nTotal ajustes: R$ +60,00\nValor final: R$ 660,00\n', '1100.00', 'gerado', 'Desconto aplicado: R$ 200,00\r\nDesconto aplicado: R$ 50,00\r\nAcréscimo aplicado: R$ 25,00\r\nDesconto aplicado: R$ 150,00\r\nAcréscimo aplicado: R$ 2,51\nDesconto aplicado: R$ 75,00\nAcréscimo aplicado: R$ 10,00', '2025-12-12 11:55:39', 'multiplos', '0.00', '0.00', '0.00', '', '', '', '');
INSERT INTO `orcamentos` (`id`, `cliente_id`, `servico_id`, `equipamento_marca`, `equipamento_btus`, `equipamento_tipo`, `descricao`, `valor_total`, `status`, `observacoes_admin`, `data_solicitacao`, `tipo_servico`, `valor_mao_obra`, `valor_materiais`, `valor_servicos_adicionais`, `duracao_total_estimada_min`, `data_inicio_estimada`, `data_fim_estimada`, `servicos_ids`) VALUES ('107', '60', '', '', '', '', 'dfdfdfdf', '2400.15', 'gerado', 'Desconto aplicado: R$ 600,00\r\nAcréscimo aplicado: R$ 25,00\r\nDesconto aplicado: R$ 200,00\r\nAcréscimo aplicado: R$ 0,10\r\nDesconto aplicado: R$ 225,00\r\nAcréscimo aplicado: R$ 0,15', '2025-12-15 15:11:22', 'multiplos', '0.00', '0.00', '0.00', '', '', '', '');
INSERT INTO `orcamentos` (`id`, `cliente_id`, `servico_id`, `equipamento_marca`, `equipamento_btus`, `equipamento_tipo`, `descricao`, `valor_total`, `status`, `observacoes_admin`, `data_solicitacao`, `tipo_servico`, `valor_mao_obra`, `valor_materiais`, `valor_servicos_adicionais`, `duracao_total_estimada_min`, `data_inicio_estimada`, `data_fim_estimada`, `servicos_ids`) VALUES ('108', '62', '', '', '', '', '=== SERVIÇOS SOLICITADOS ===\n• Instalação de ar condicionado (x2) - R$ 700,00\n  Tempo: 4 horas (Min: 2 horas | Máx: 8 horas)\n  Detalhes dos equipamentos:\n  - Equipamento 1: 1000 BTUs\n  - Equipamento 2: 22222 BTUs\n• Limpeza Completa (no local com bolsa coletora) (x3) - R$ 600,00\n  Tempo: 2 horas (Min: 1 hora | Máx: 4 horas)\n  Detalhes dos equipamentos:\n  - Equipamento 1: 33333 BTUs\n  - Equipamento 2: 444444 BTUs\n  - Equipamento 3: 55555 BTUs\n\n=== AGENDAMENTO ===\nData: 17/12/2025\nHorário: 08:00\nCliente: fgfgfgfgfgfgg\nWhatsApp: (45) 4 5455-4545\n\n=== INFORMAÇÕES DE TEMPO ===\nTempo total estimado: 14 horas\nFaixa de tempo: 7 horas a 28 horas\n\n=== AJUSTES APLICADOS ===\n\n=== VALORES ===\nTotal ajustes: R$ +0,00\nValor final: R$ 1.300,00\n', '1300.00', 'pendente', '', '2025-12-15 21:18:40', 'multiplos', '0.00', '0.00', '0.00', '', '', '', '');
INSERT INTO `orcamentos` (`id`, `cliente_id`, `servico_id`, `equipamento_marca`, `equipamento_btus`, `equipamento_tipo`, `descricao`, `valor_total`, `status`, `observacoes_admin`, `data_solicitacao`, `tipo_servico`, `valor_mao_obra`, `valor_materiais`, `valor_servicos_adicionais`, `duracao_total_estimada_min`, `data_inicio_estimada`, `data_fim_estimada`, `servicos_ids`) VALUES ('109', '63', '', '', '', '', '=== SERVIÇOS SOLICITADOS ===\n• Instalação de ar condicionado (x1) - R$ 350,00\n  Tempo: 4 horas (Min: 2 horas | Máx: 8 horas)\n  Detalhes dos equipamentos:\n  - Equipamento 1: 12000 BTUs\n\n=== AGENDAMENTO ===\nData: 18/12/2025\nHorário: 08:00\nCliente: fdfdfdf\nWhatsApp: (23) 2 3232-3233\n\n=== INFORMAÇÕES DE TEMPO ===\nTempo total estimado: 4 horas\nFaixa de tempo: 2 horas a 8 horas\n\n=== AJUSTES APLICADOS ===\n\n=== VALORES ===\nTotal ajustes: R$ +0,00\nValor final: R$ 350,00\n', '350.00', 'pendente', '', '2025-12-16 13:38:00', 'multiplos', '0.00', '0.00', '0.00', '', '', '', '');
INSERT INTO `orcamentos` (`id`, `cliente_id`, `servico_id`, `equipamento_marca`, `equipamento_btus`, `equipamento_tipo`, `descricao`, `valor_total`, `status`, `observacoes_admin`, `data_solicitacao`, `tipo_servico`, `valor_mao_obra`, `valor_materiais`, `valor_servicos_adicionais`, `duracao_total_estimada_min`, `data_inicio_estimada`, `data_fim_estimada`, `servicos_ids`) VALUES ('110', '64', '', '', '', '', '=== SERVIÇOS SOLICITADOS ===\n• Instalação de ar condicionado (x1) - R$ 350,00\n  Tempo: 4 horas (Min: 2 horas | Máx: 8 horas)\n  Detalhes dos equipamentos:\n  - Equipamento 1: 12000 BTUs\n\n=== AGENDAMENTO ===\nData: 20/12/2025\nHorário: 17:00\nCliente: fdfdfdf\nWhatsApp: (23) 2 3232-3233\n\n=== INFORMAÇÕES DE TEMPO ===\nTempo total estimado: 4 horas\nFaixa de tempo: 2 horas a 8 horas\n\n=== AJUSTES APLICADOS ===\n• Fim de semana/Feriado: +10% (R$ +35,00)\n• Horário noturno: +5% (R$ +17,50)\n\n=== VALORES ===\nTotal ajustes: R$ +52,50\nValor final: R$ 402,50\n', '402.50', 'pendente', '', '2025-12-16 17:15:05', 'multiplos', '0.00', '0.00', '0.00', '', '', '', '');
INSERT INTO `orcamentos` (`id`, `cliente_id`, `servico_id`, `equipamento_marca`, `equipamento_btus`, `equipamento_tipo`, `descricao`, `valor_total`, `status`, `observacoes_admin`, `data_solicitacao`, `tipo_servico`, `valor_mao_obra`, `valor_materiais`, `valor_servicos_adicionais`, `duracao_total_estimada_min`, `data_inicio_estimada`, `data_fim_estimada`, `servicos_ids`) VALUES ('111', '65', '', '', '', '', '=== SERVIÇOS SOLICITADOS ===\n• Instalação de ar condicionado (x1) - R$ 350,00\n  Tempo: 4 horas (Min: 2 horas | Máx: 8 horas)\n  Detalhes dos equipamentos:\n  - Equipamento 1: 12000 BTUs\n\n=== AGENDAMENTO ===\nData: 20/12/2025\nHorário: 18:00\nCliente: fdfdfdf\nWhatsApp: (23) 2 3232-3233\n\n=== INFORMAÇÕES DE TEMPO ===\nTempo total estimado: 4 horas\nFaixa de tempo: 2 horas a 8 horas\n\n=== AJUSTES APLICADOS ===\n• Fim de semana/Feriado: +10% (R$ +35,00)\n• Horário noturno: +5% (R$ +17,50)\n\n=== VALORES ===\nTotal ajustes: R$ +52,50\nValor final: R$ 402,50\n', '402.50', 'pendente', '', '2025-12-16 17:21:24', 'multiplos', '0.00', '0.00', '0.00', '', '', '', '');


-- Estrutura da tabela logs_sistema
DROP TABLE IF EXISTS `logs_sistema`;
CREATE TABLE `logs_sistema` (
  `id` int NOT NULL AUTO_INCREMENT,
  `tipo` varchar(50) COLLATE utf8mb4_unicode_ci NOT NULL,
  `mensagem` varchar(500) COLLATE utf8mb4_unicode_ci NOT NULL,
  `dados` json DEFAULT NULL,
  `ip_address` varchar(45) COLLATE utf8mb4_unicode_ci DEFAULT NULL,
  `user_agent` varchar(255) COLLATE utf8mb4_unicode_ci DEFAULT NULL,
  `sessao_id` varchar(128) COLLATE utf8mb4_unicode_ci DEFAULT NULL,
  `pagina` varchar(255) COLLATE utf8mb4_unicode_ci DEFAULT NULL,
  `referer` varchar(500) COLLATE utf8mb4_unicode_ci DEFAULT NULL,
  `data_criacao` datetime DEFAULT CURRENT_TIMESTAMP,
  PRIMARY KEY (`id`),
  KEY `idx_tipo` (`tipo`),
  KEY `idx_data` (`data_criacao`),
  KEY `idx_ip` (`ip_address`)
) ENGINE=InnoDB AUTO_INCREMENT=1766 DEFAULT CHARSET=utf8mb4 COLLATE=utf8mb4_unicode_ci;

-- Dados da tabela logs_sistema
INSERT INTO `logs_sistema` (`id`, `tipo`, `mensagem`, `dados`, `ip_address`, `user_agent`, `sessao_id`, `pagina`, `referer`, `data_criacao`) VALUES ('1580', 'processamento_tentativa', 'Processando ação: iniciar', '{\"acao\": \"iniciar\", \"etapa\": 1, \"sessao\": \"j4tifmc0qvjd2rk0srgufet651\", \"resposta\": \"\"}', '187.75.21.238', 'Mozilla/5.0 (Windows NT 10.0; Win64; x64; rv:146.0) Gecko/20100101 Firefox/146.0', 'j4tifmc0qvjd2rk0srgufet651', '/sistema-ia.php', 'https://nmrefrigeracao.business/sistema-ia.php?etapa=servicos', '2025-12-16 19:28:04');
INSERT INTO `logs_sistema` (`id`, `tipo`, `mensagem`, `dados`, `ip_address`, `user_agent`, `sessao_id`, `pagina`, `referer`, `data_criacao`) VALUES ('1581', 'conversa_etapa', 'Início do agendamento', '{\"etapa\": \"inicio\", \"sessao\": \"j4tifmc0qvjd2rk0srgufet651\"}', '187.75.21.238', 'Mozilla/5.0 (Windows NT 10.0; Win64; x64; rv:146.0) Gecko/20100101 Firefox/146.0', 'j4tifmc0qvjd2rk0srgufet651', '/sistema-ia.php', 'https://nmrefrigeracao.business/sistema-ia.php?etapa=servicos', '2025-12-16 19:28:04');
INSERT INTO `logs_sistema` (`id`, `tipo`, `mensagem`, `dados`, `ip_address`, `user_agent`, `sessao_id`, `pagina`, `referer`, `data_criacao`) VALUES ('1582', 'processamento_tentativa', 'Processando ação: nome', '{\"acao\": \"nome\", \"etapa\": 1, \"sessao\": \"j4tifmc0qvjd2rk0srgufet651\", \"resposta\": \"nrltyrl neto\"}', '187.75.21.238', 'Mozilla/5.0 (Windows NT 10.0; Win64; x64; rv:146.0) Gecko/20100101 Firefox/146.0', 'j4tifmc0qvjd2rk0srgufet651', '/sistema-ia.php', 'https://nmrefrigeracao.business/sistema-ia.php?etapa=servicos', '2025-12-16 19:28:13');
INSERT INTO `logs_sistema` (`id`, `tipo`, `mensagem`, `dados`, `ip_address`, `user_agent`, `sessao_id`, `pagina`, `referer`, `data_criacao`) VALUES ('1583', 'conversa_etapa', 'Nome recebido', '{\"nome\": \"nrltyrl neto\", \"etapa\": \"nome\", \"primeiro_nome\": \"nrltyrl\"}', '187.75.21.238', 'Mozilla/5.0 (Windows NT 10.0; Win64; x64; rv:146.0) Gecko/20100101 Firefox/146.0', 'j4tifmc0qvjd2rk0srgufet651', '/sistema-ia.php', 'https://nmrefrigeracao.business/sistema-ia.php?etapa=servicos', '2025-12-16 19:28:13');
INSERT INTO `logs_sistema` (`id`, `tipo`, `mensagem`, `dados`, `ip_address`, `user_agent`, `sessao_id`, `pagina`, `referer`, `data_criacao`) VALUES ('1584', 'rate_limit_bloqueio', 'Usuário bloqueado - IP: 187.75.21.238', '{\"tipo\": \"nova_conversa\", \"limite\": 5, \"contador\": 6, \"bloqueado_ate\": \"2025-12-16 21:28:25\"}', '187.75.21.238', 'Mozilla/5.0 (Windows NT 10.0; Win64; x64; rv:146.0) Gecko/20100101 Firefox/146.0', 'j4tifmc0qvjd2rk0srgufet651', '/sistema-ia.php', 'https://nmrefrigeracao.business/sistema-ia.php?etapa=servicos', '2025-12-16 19:28:25');
INSERT INTO `logs_sistema` (`id`, `tipo`, `mensagem`, `dados`, `ip_address`, `user_agent`, `sessao_id`, `pagina`, `referer`, `data_criacao`) VALUES ('1585', 'processamento_tentativa', 'Processando ação: whatsapp', '{\"acao\": \"whatsapp\", \"etapa\": 1, \"sessao\": \"j4tifmc0qvjd2rk0srgufet651\", \"resposta\": \"(34) 9 9916-2340\"}', '187.75.21.238', 'Mozilla/5.0 (Windows NT 10.0; Win64; x64; rv:146.0) Gecko/20100101 Firefox/146.0', 'j4tifmc0qvjd2rk0srgufet651', '/sistema-ia.php', 'https://nmrefrigeracao.business/sistema-ia.php?etapa=servicos', '2025-12-16 19:28:25');
INSERT INTO `logs_sistema` (`id`, `tipo`, `mensagem`, `dados`, `ip_address`, `user_agent`, `sessao_id`, `pagina`, `referer`, `data_criacao`) VALUES ('1586', 'conversa_etapa', 'Telefone recebido', '{\"etapa\": \"whatsapp\", \"telefone_limpo\": \"34999162340\", \"cliente_existente\": true, \"telefone_formatado\": \"(34) 9 9916-2340\"}', '187.75.21.238', 'Mozilla/5.0 (Windows NT 10.0; Win64; x64; rv:146.0) Gecko/20100101 Firefox/146.0', 'j4tifmc0qvjd2rk0srgufet651', '/sistema-ia.php', 'https://nmrefrigeracao.business/sistema-ia.php?etapa=servicos', '2025-12-16 19:28:25');
INSERT INTO `logs_sistema` (`id`, `tipo`, `mensagem`, `dados`, `ip_address`, `user_agent`, `sessao_id`, `pagina`, `referer`, `data_criacao`) VALUES ('1587', 'rate_limit', 'Tentativa bloqueada - IP: 187.75.21.238', '{\"tipo\": \"nova_conversa\", \"contador\": 6, \"bloqueado_ate\": \"2025-12-16 21:28:25\", \"tempo_restante\": 7176}', '187.75.21.238', 'Mozilla/5.0 (Windows NT 10.0; Win64; x64; rv:146.0) Gecko/20100101 Firefox/146.0', 'j4tifmc0qvjd2rk0srgufet651', '/sistema-ia.php', 'https://nmrefrigeracao.business/sistema-ia.php?etapa=servicos', '2025-12-16 19:28:49');
INSERT INTO `logs_sistema` (`id`, `tipo`, `mensagem`, `dados`, `ip_address`, `user_agent`, `sessao_id`, `pagina`, `referer`, `data_criacao`) VALUES ('1588', 'processamento_tentativa', 'Processando ação: selecionar_servico', '{\"acao\": \"selecionar_servico\", \"etapa\": 1, \"sessao\": \"j4tifmc0qvjd2rk0srgufet651\", \"resposta\": \"Instalação de ar condicionado\"}', '187.75.21.238', 'Mozilla/5.0 (Windows NT 10.0; Win64; x64; rv:146.0) Gecko/20100101 Firefox/146.0', 'j4tifmc0qvjd2rk0srgufet651', '/sistema-ia.php', 'https://nmrefrigeracao.business/sistema-ia.php?etapa=servicos', '2025-12-16 19:28:49');
INSERT INTO `logs_sistema` (`id`, `tipo`, `mensagem`, `dados`, `ip_address`, `user_agent`, `sessao_id`, `pagina`, `referer`, `data_criacao`) VALUES ('1589', 'servico_selecionado', 'Serviço selecionado', '{\"preco\": \"350.00\", \"servico_id\": 5, \"duracao_max\": 480, \"duracao_min\": 120, \"servico_nome\": \"Instalação de ar condicionado\", \"duracao_padrao\": 240}', '187.75.21.238', 'Mozilla/5.0 (Windows NT 10.0; Win64; x64; rv:146.0) Gecko/20100101 Firefox/146.0', 'j4tifmc0qvjd2rk0srgufet651', '/sistema-ia.php', 'https://nmrefrigeracao.business/sistema-ia.php?etapa=servicos', '2025-12-16 19:28:49');
INSERT INTO `logs_sistema` (`id`, `tipo`, `mensagem`, `dados`, `ip_address`, `user_agent`, `sessao_id`, `pagina`, `referer`, `data_criacao`) VALUES ('1590', 'rate_limit', 'Tentativa bloqueada - IP: 187.75.21.238', '{\"tipo\": \"nova_conversa\", \"contador\": 6, \"bloqueado_ate\": \"2025-12-16 21:28:25\", \"tempo_restante\": 7139}', '187.75.21.238', 'Mozilla/5.0 (Windows NT 10.0; Win64; x64; rv:146.0) Gecko/20100101 Firefox/146.0', 'j4tifmc0qvjd2rk0srgufet651', '/sistema-ia.php', 'https://nmrefrigeracao.business/sistema-ia.php?etapa=servicos', '2025-12-16 19:29:26');
INSERT INTO `logs_sistema` (`id`, `tipo`, `mensagem`, `dados`, `ip_address`, `user_agent`, `sessao_id`, `pagina`, `referer`, `data_criacao`) VALUES ('1591', 'processamento_tentativa', 'Processando ação: quantidade_equipamentos', '{\"acao\": \"quantidade_equipamentos\", \"etapa\": 1, \"sessao\": \"j4tifmc0qvjd2rk0srgufet651\", \"resposta\": \"2\"}', '187.75.21.238', 'Mozilla/5.0 (Windows NT 10.0; Win64; x64; rv:146.0) Gecko/20100101 Firefox/146.0', 'j4tifmc0qvjd2rk0srgufet651', '/sistema-ia.php', 'https://nmrefrigeracao.business/sistema-ia.php?etapa=servicos', '2025-12-16 19:29:26');
INSERT INTO `logs_sistema` (`id`, `tipo`, `mensagem`, `dados`, `ip_address`, `user_agent`, `sessao_id`, `pagina`, `referer`, `data_criacao`) VALUES ('1592', 'quantidade_adicionada', 'Quantidade de equipamentos adicionada', '{\"servico\": \"Instalação de ar condicionado\", \"subtotal\": 700, \"quantidade\": 2, \"total_valor\": 700, \"duracao_padrao\": 240, \"total_equipamentos\": 2, \"total_duracao_maxima\": 960, \"total_duracao_minima\": 240, \"total_duracao_padrao\": 480}', '187.75.21.238', 'Mozilla/5.0 (Windows NT 10.0; Win64; x64; rv:146.0) Gecko/20100101 Firefox/146.0', 'j4tifmc0qvjd2rk0srgufet651', '/sistema-ia.php', 'https://nmrefrigeracao.business/sistema-ia.php?etapa=servicos', '2025-12-16 19:29:26');
INSERT INTO `logs_sistema` (`id`, `tipo`, `mensagem`, `dados`, `ip_address`, `user_agent`, `sessao_id`, `pagina`, `referer`, `data_criacao`) VALUES ('1593', 'rate_limit', 'Tentativa bloqueada - IP: 187.75.21.238', '{\"tipo\": \"nova_conversa\", \"contador\": 6, \"bloqueado_ate\": \"2025-12-16 21:28:25\", \"tempo_restante\": 7119}', '187.75.21.238', 'Mozilla/5.0 (Windows NT 10.0; Win64; x64; rv:146.0) Gecko/20100101 Firefox/146.0', 'j4tifmc0qvjd2rk0srgufet651', '/sistema-ia.php', 'https://nmrefrigeracao.business/sistema-ia.php?etapa=servicos', '2025-12-16 19:29:46');
INSERT INTO `logs_sistema` (`id`, `tipo`, `mensagem`, `dados`, `ip_address`, `user_agent`, `sessao_id`, `pagina`, `referer`, `data_criacao`) VALUES ('1594', 'processamento_tentativa', 'Processando ação: mais_servicos', '{\"acao\": \"mais_servicos\", \"etapa\": 1, \"sessao\": \"j4tifmc0qvjd2rk0srgufet651\", \"resposta\": \"sim\"}', '187.75.21.238', 'Mozilla/5.0 (Windows NT 10.0; Win64; x64; rv:146.0) Gecko/20100101 Firefox/146.0', 'j4tifmc0qvjd2rk0srgufet651', '/sistema-ia.php', 'https://nmrefrigeracao.business/sistema-ia.php?etapa=servicos', '2025-12-16 19:29:46');
INSERT INTO `logs_sistema` (`id`, `tipo`, `mensagem`, `dados`, `ip_address`, `user_agent`, `sessao_id`, `pagina`, `referer`, `data_criacao`) VALUES ('1595', 'rate_limit', 'Tentativa bloqueada - IP: 187.75.21.238', '{\"tipo\": \"nova_conversa\", \"contador\": 6, \"bloqueado_ate\": \"2025-12-16 21:28:25\", \"tempo_restante\": 7111}', '187.75.21.238', 'Mozilla/5.0 (Windows NT 10.0; Win64; x64; rv:146.0) Gecko/20100101 Firefox/146.0', 'j4tifmc0qvjd2rk0srgufet651', '/sistema-ia.php', 'https://nmrefrigeracao.business/sistema-ia.php?etapa=servicos', '2025-12-16 19:29:54');
INSERT INTO `logs_sistema` (`id`, `tipo`, `mensagem`, `dados`, `ip_address`, `user_agent`, `sessao_id`, `pagina`, `referer`, `data_criacao`) VALUES ('1596', 'processamento_tentativa', 'Processando ação: selecionar_servico', '{\"acao\": \"selecionar_servico\", \"etapa\": 1, \"sessao\": \"j4tifmc0qvjd2rk0srgufet651\", \"resposta\": \"Limpeza Completa (no local com bolsa coletora)\"}', '187.75.21.238', 'Mozilla/5.0 (Windows NT 10.0; Win64; x64; rv:146.0) Gecko/20100101 Firefox/146.0', 'j4tifmc0qvjd2rk0srgufet651', '/sistema-ia.php', 'https://nmrefrigeracao.business/sistema-ia.php?etapa=servicos', '2025-12-16 19:29:54');
INSERT INTO `logs_sistema` (`id`, `tipo`, `mensagem`, `dados`, `ip_address`, `user_agent`, `sessao_id`, `pagina`, `referer`, `data_criacao`) VALUES ('1597', 'servico_selecionado', 'Serviço selecionado', '{\"preco\": \"200.00\", \"servico_id\": 7, \"duracao_max\": 240, \"duracao_min\": 60, \"servico_nome\": \"Limpeza Completa (no local com bolsa coletora)\", \"duracao_padrao\": 120}', '187.75.21.238', 'Mozilla/5.0 (Windows NT 10.0; Win64; x64; rv:146.0) Gecko/20100101 Firefox/146.0', 'j4tifmc0qvjd2rk0srgufet651', '/sistema-ia.php', 'https://nmrefrigeracao.business/sistema-ia.php?etapa=servicos', '2025-12-16 19:29:54');
INSERT INTO `logs_sistema` (`id`, `tipo`, `mensagem`, `dados`, `ip_address`, `user_agent`, `sessao_id`, `pagina`, `referer`, `data_criacao`) VALUES ('1598', 'rate_limit', 'Tentativa bloqueada - IP: 187.75.21.238', '{\"tipo\": \"nova_conversa\", \"contador\": 6, \"bloqueado_ate\": \"2025-12-16 21:28:25\", \"tempo_restante\": 7096}', '187.75.21.238', 'Mozilla/5.0 (Windows NT 10.0; Win64; x64; rv:146.0) Gecko/20100101 Firefox/146.0', 'j4tifmc0qvjd2rk0srgufet651', '/sistema-ia.php', 'https://nmrefrigeracao.business/sistema-ia.php?etapa=servicos', '2025-12-16 19:30:09');
INSERT INTO `logs_sistema` (`id`, `tipo`, `mensagem`, `dados`, `ip_address`, `user_agent`, `sessao_id`, `pagina`, `referer`, `data_criacao`) VALUES ('1599', 'processamento_tentativa', 'Processando ação: quantidade_equipamentos', '{\"acao\": \"quantidade_equipamentos\", \"etapa\": 1, \"sessao\": \"j4tifmc0qvjd2rk0srgufet651\", \"resposta\": \"2\"}', '187.75.21.238', 'Mozilla/5.0 (Windows NT 10.0; Win64; x64; rv:146.0) Gecko/20100101 Firefox/146.0', 'j4tifmc0qvjd2rk0srgufet651', '/sistema-ia.php', 'https://nmrefrigeracao.business/sistema-ia.php?etapa=servicos', '2025-12-16 19:30:09');
INSERT INTO `logs_sistema` (`id`, `tipo`, `mensagem`, `dados`, `ip_address`, `user_agent`, `sessao_id`, `pagina`, `referer`, `data_criacao`) VALUES ('1600', 'quantidade_adicionada', 'Quantidade de equipamentos adicionada', '{\"servico\": \"Limpeza Completa (no local com bolsa coletora)\", \"subtotal\": 400, \"quantidade\": 2, \"total_valor\": 1100, \"duracao_padrao\": 120, \"total_equipamentos\": 4, \"total_duracao_maxima\": 1440, \"total_duracao_minima\": 360, \"total_duracao_padrao\": 720}', '187.75.21.238', 'Mozilla/5.0 (Windows NT 10.0; Win64; x64; rv:146.0) Gecko/20100101 Firefox/146.0', 'j4tifmc0qvjd2rk0srgufet651', '/sistema-ia.php', 'https://nmrefrigeracao.business/sistema-ia.php?etapa=servicos', '2025-12-16 19:30:09');
INSERT INTO `logs_sistema` (`id`, `tipo`, `mensagem`, `dados`, `ip_address`, `user_agent`, `sessao_id`, `pagina`, `referer`, `data_criacao`) VALUES ('1601', 'rate_limit', 'Tentativa bloqueada - IP: 187.75.21.238', '{\"tipo\": \"nova_conversa\", \"contador\": 6, \"bloqueado_ate\": \"2025-12-16 21:28:25\", \"tempo_restante\": 7085}', '187.75.21.238', 'Mozilla/5.0 (Windows NT 10.0; Win64; x64; rv:146.0) Gecko/20100101 Firefox/146.0', 'j4tifmc0qvjd2rk0srgufet651', '/sistema-ia.php', 'https://nmrefrigeracao.business/sistema-ia.php?etapa=servicos', '2025-12-16 19:30:20');
INSERT INTO `logs_sistema` (`id`, `tipo`, `mensagem`, `dados`, `ip_address`, `user_agent`, `sessao_id`, `pagina`, `referer`, `data_criacao`) VALUES ('1602', 'processamento_tentativa', 'Processando ação: mais_servicos', '{\"acao\": \"mais_servicos\", \"etapa\": 1, \"sessao\": \"j4tifmc0qvjd2rk0srgufet651\", \"resposta\": \"nao\"}', '187.75.21.238', 'Mozilla/5.0 (Windows NT 10.0; Win64; x64; rv:146.0) Gecko/20100101 Firefox/146.0', 'j4tifmc0qvjd2rk0srgufet651', '/sistema-ia.php', 'https://nmrefrigeracao.business/sistema-ia.php?etapa=servicos', '2025-12-16 19:30:20');
INSERT INTO `logs_sistema` (`id`, `tipo`, `mensagem`, `dados`, `ip_address`, `user_agent`, `sessao_id`, `pagina`, `referer`, `data_criacao`) VALUES ('1603', 'rate_limit', 'Tentativa bloqueada - IP: 187.75.21.238', '{\"tipo\": \"nova_conversa\", \"contador\": 6, \"bloqueado_ate\": \"2025-12-16 21:28:25\", \"tempo_restante\": 6646}', '187.75.21.238', 'Mozilla/5.0 (Windows NT 10.0; Win64; x64; rv:146.0) Gecko/20100101 Firefox/146.0', 'j4tifmc0qvjd2rk0srgufet651', '/sistema-ia.php', 'https://nmrefrigeracao.business/sistema-ia.php?etapa=servicos', '2025-12-16 19:37:39');
INSERT INTO `logs_sistema` (`id`, `tipo`, `mensagem`, `dados`, `ip_address`, `user_agent`, `sessao_id`, `pagina`, `referer`, `data_criacao`) VALUES ('1604', 'processamento_tentativa', 'Processando ação: btu_equipamento', '{\"acao\": \"btu_equipamento\", \"etapa\": 1, \"sessao\": \"j4tifmc0qvjd2rk0srgufet651\", \"resposta\": \"12000\"}', '187.75.21.238', 'Mozilla/5.0 (Windows NT 10.0; Win64; x64; rv:146.0) Gecko/20100101 Firefox/146.0', 'j4tifmc0qvjd2rk0srgufet651', '/sistema-ia.php', 'https://nmrefrigeracao.business/sistema-ia.php?etapa=servicos', '2025-12-16 19:37:39');
INSERT INTO `logs_sistema` (`id`, `tipo`, `mensagem`, `dados`, `ip_address`, `user_agent`, `sessao_id`, `pagina`, `referer`, `data_criacao`) VALUES ('1605', 'btu_adicionado', 'BTU adicionado para equipamento', '{\"btu\": \"12000\", \"servico_id\": 5, \"servico_nome\": \"Instalação de ar condicionado\", \"equipamento_num\": 1, \"total_equipamentos_servico\": 2}', '187.75.21.238', 'Mozilla/5.0 (Windows NT 10.0; Win64; x64; rv:146.0) Gecko/20100101 Firefox/146.0', 'j4tifmc0qvjd2rk0srgufet651', '/sistema-ia.php', 'https://nmrefrigeracao.business/sistema-ia.php?etapa=servicos', '2025-12-16 19:37:39');
INSERT INTO `logs_sistema` (`id`, `tipo`, `mensagem`, `dados`, `ip_address`, `user_agent`, `sessao_id`, `pagina`, `referer`, `data_criacao`) VALUES ('1606', 'rate_limit', 'Tentativa bloqueada - IP: 187.75.21.238', '{\"tipo\": \"nova_conversa\", \"contador\": 6, \"bloqueado_ate\": \"2025-12-16 21:28:25\", \"tempo_restante\": 6639}', '187.75.21.238', 'Mozilla/5.0 (Windows NT 10.0; Win64; x64; rv:146.0) Gecko/20100101 Firefox/146.0', 'j4tifmc0qvjd2rk0srgufet651', '/sistema-ia.php', 'https://nmrefrigeracao.business/sistema-ia.php?etapa=servicos', '2025-12-16 19:37:46');
INSERT INTO `logs_sistema` (`id`, `tipo`, `mensagem`, `dados`, `ip_address`, `user_agent`, `sessao_id`, `pagina`, `referer`, `data_criacao`) VALUES ('1607', 'processamento_tentativa', 'Processando ação: btu_equipamento', '{\"acao\": \"btu_equipamento\", \"etapa\": 1, \"sessao\": \"j4tifmc0qvjd2rk0srgufet651\", \"resposta\": \"24000\"}', '187.75.21.238', 'Mozilla/5.0 (Windows NT 10.0; Win64; x64; rv:146.0) Gecko/20100101 Firefox/146.0', 'j4tifmc0qvjd2rk0srgufet651', '/sistema-ia.php', 'https://nmrefrigeracao.business/sistema-ia.php?etapa=servicos', '2025-12-16 19:37:46');
INSERT INTO `logs_sistema` (`id`, `tipo`, `mensagem`, `dados`, `ip_address`, `user_agent`, `sessao_id`, `pagina`, `referer`, `data_criacao`) VALUES ('1608', 'btu_adicionado', 'BTU adicionado para equipamento', '{\"btu\": \"24000\", \"servico_id\": 5, \"servico_nome\": \"Instalação de ar condicionado\", \"equipamento_num\": 2, \"total_equipamentos_servico\": 2}', '187.75.21.238', 'Mozilla/5.0 (Windows NT 10.0; Win64; x64; rv:146.0) Gecko/20100101 Firefox/146.0', 'j4tifmc0qvjd2rk0srgufet651', '/sistema-ia.php', 'https://nmrefrigeracao.business/sistema-ia.php?etapa=servicos', '2025-12-16 19:37:46');
INSERT INTO `logs_sistema` (`id`, `tipo`, `mensagem`, `dados`, `ip_address`, `user_agent`, `sessao_id`, `pagina`, `referer`, `data_criacao`) VALUES ('1609', 'rate_limit', 'Tentativa bloqueada - IP: 187.75.21.238', '{\"tipo\": \"nova_conversa\", \"contador\": 6, \"bloqueado_ate\": \"2025-12-16 21:28:25\", \"tempo_restante\": 6623}', '187.75.21.238', 'Mozilla/5.0 (Windows NT 10.0; Win64; x64; rv:146.0) Gecko/20100101 Firefox/146.0', 'j4tifmc0qvjd2rk0srgufet651', '/sistema-ia.php', 'https://nmrefrigeracao.business/sistema-ia.php?etapa=servicos', '2025-12-16 19:38:02');
INSERT INTO `logs_sistema` (`id`, `tipo`, `mensagem`, `dados`, `ip_address`, `user_agent`, `sessao_id`, `pagina`, `referer`, `data_criacao`) VALUES ('1610', 'processamento_tentativa', 'Processando ação: btu_equipamento', '{\"acao\": \"btu_equipamento\", \"etapa\": 1, \"sessao\": \"j4tifmc0qvjd2rk0srgufet651\", \"resposta\": \"7000\"}', '187.75.21.238', 'Mozilla/5.0 (Windows NT 10.0; Win64; x64; rv:146.0) Gecko/20100101 Firefox/146.0', 'j4tifmc0qvjd2rk0srgufet651', '/sistema-ia.php', 'https://nmrefrigeracao.business/sistema-ia.php?etapa=servicos', '2025-12-16 19:38:02');
INSERT INTO `logs_sistema` (`id`, `tipo`, `mensagem`, `dados`, `ip_address`, `user_agent`, `sessao_id`, `pagina`, `referer`, `data_criacao`) VALUES ('1611', 'btu_adicionado', 'BTU adicionado para equipamento', '{\"btu\": \"7000\", \"servico_id\": 7, \"servico_nome\": \"Limpeza Completa (no local com bolsa coletora)\", \"equipamento_num\": 1, \"total_equipamentos_servico\": 2}', '187.75.21.238', 'Mozilla/5.0 (Windows NT 10.0; Win64; x64; rv:146.0) Gecko/20100101 Firefox/146.0', 'j4tifmc0qvjd2rk0srgufet651', '/sistema-ia.php', 'https://nmrefrigeracao.business/sistema-ia.php?etapa=servicos', '2025-12-16 19:38:02');
INSERT INTO `logs_sistema` (`id`, `tipo`, `mensagem`, `dados`, `ip_address`, `user_agent`, `sessao_id`, `pagina`, `referer`, `data_criacao`) VALUES ('1612', 'rate_limit', 'Tentativa bloqueada - IP: 187.75.21.238', '{\"tipo\": \"nova_conversa\", \"contador\": 6, \"bloqueado_ate\": \"2025-12-16 21:28:25\", \"tempo_restante\": 6611}', '187.75.21.238', 'Mozilla/5.0 (Windows NT 10.0; Win64; x64; rv:146.0) Gecko/20100101 Firefox/146.0', 'j4tifmc0qvjd2rk0srgufet651', '/sistema-ia.php', 'https://nmrefrigeracao.business/sistema-ia.php?etapa=servicos', '2025-12-16 19:38:14');
INSERT INTO `logs_sistema` (`id`, `tipo`, `mensagem`, `dados`, `ip_address`, `user_agent`, `sessao_id`, `pagina`, `referer`, `data_criacao`) VALUES ('1613', 'processamento_tentativa', 'Processando ação: btu_equipamento', '{\"acao\": \"btu_equipamento\", \"etapa\": 1, \"sessao\": \"j4tifmc0qvjd2rk0srgufet651\", \"resposta\": \"9000\"}', '187.75.21.238', 'Mozilla/5.0 (Windows NT 10.0; Win64; x64; rv:146.0) Gecko/20100101 Firefox/146.0', 'j4tifmc0qvjd2rk0srgufet651', '/sistema-ia.php', 'https://nmrefrigeracao.business/sistema-ia.php?etapa=servicos', '2025-12-16 19:38:14');
INSERT INTO `logs_sistema` (`id`, `tipo`, `mensagem`, `dados`, `ip_address`, `user_agent`, `sessao_id`, `pagina`, `referer`, `data_criacao`) VALUES ('1614', 'btu_adicionado', 'BTU adicionado para equipamento', '{\"btu\": \"9000\", \"servico_id\": 7, \"servico_nome\": \"Limpeza Completa (no local com bolsa coletora)\", \"equipamento_num\": 2, \"total_equipamentos_servico\": 2}', '187.75.21.238', 'Mozilla/5.0 (Windows NT 10.0; Win64; x64; rv:146.0) Gecko/20100101 Firefox/146.0', 'j4tifmc0qvjd2rk0srgufet651', '/sistema-ia.php', 'https://nmrefrigeracao.business/sistema-ia.php?etapa=servicos', '2025-12-16 19:38:14');
INSERT INTO `logs_sistema` (`id`, `tipo`, `mensagem`, `dados`, `ip_address`, `user_agent`, `sessao_id`, `pagina`, `referer`, `data_criacao`) VALUES ('1615', 'rate_limit', 'Tentativa bloqueada - IP: 187.75.21.238', '{\"tipo\": \"nova_conversa\", \"contador\": 6, \"bloqueado_ate\": \"2025-12-16 21:28:25\", \"tempo_restante\": 6592}', '187.75.21.238', 'Mozilla/5.0 (Windows NT 10.0; Win64; x64; rv:146.0) Gecko/20100101 Firefox/146.0', 'j4tifmc0qvjd2rk0srgufet651', '/sistema-ia.php', 'https://nmrefrigeracao.business/sistema-ia.php?etapa=servicos', '2025-12-16 19:38:33');
INSERT INTO `logs_sistema` (`id`, `tipo`, `mensagem`, `dados`, `ip_address`, `user_agent`, `sessao_id`, `pagina`, `referer`, `data_criacao`) VALUES ('1616', 'processamento_tentativa', 'Processando ação: endereco', '{\"acao\": \"endereco\", \"etapa\": 1, \"sessao\": \"j4tifmc0qvjd2rk0srgufet651\", \"resposta\": \"\"}', '187.75.21.238', 'Mozilla/5.0 (Windows NT 10.0; Win64; x64; rv:146.0) Gecko/20100101 Firefox/146.0', 'j4tifmc0qvjd2rk0srgufet651', '/sistema-ia.php', 'https://nmrefrigeracao.business/sistema-ia.php?etapa=servicos', '2025-12-16 19:38:33');
INSERT INTO `logs_sistema` (`id`, `tipo`, `mensagem`, `dados`, `ip_address`, `user_agent`, `sessao_id`, `pagina`, `referer`, `data_criacao`) VALUES ('1617', 'endereco_recebido', 'Endereço completo recebido', '{\"etapa\": \"endereco\", \"endereco\": \"rua, n - bairro, cidade\"}', '187.75.21.238', 'Mozilla/5.0 (Windows NT 10.0; Win64; x64; rv:146.0) Gecko/20100101 Firefox/146.0', 'j4tifmc0qvjd2rk0srgufet651', '/sistema-ia.php', 'https://nmrefrigeracao.business/sistema-ia.php?etapa=servicos', '2025-12-16 19:38:33');
INSERT INTO `logs_sistema` (`id`, `tipo`, `mensagem`, `dados`, `ip_address`, `user_agent`, `sessao_id`, `pagina`, `referer`, `data_criacao`) VALUES ('1618', 'rate_limit', 'Tentativa bloqueada - IP: 187.75.21.238', '{\"tipo\": \"nova_conversa\", \"contador\": 6, \"bloqueado_ate\": \"2025-12-16 21:28:25\", \"tempo_restante\": 6562}', '187.75.21.238', 'Mozilla/5.0 (Windows NT 10.0; Win64; x64; rv:146.0) Gecko/20100101 Firefox/146.0', 'j4tifmc0qvjd2rk0srgufet651', '/sistema-ia.php', 'https://nmrefrigeracao.business/sistema-ia.php?etapa=servicos', '2025-12-16 19:39:03');
INSERT INTO `logs_sistema` (`id`, `tipo`, `mensagem`, `dados`, `ip_address`, `user_agent`, `sessao_id`, `pagina`, `referer`, `data_criacao`) VALUES ('1619', 'processamento_tentativa', 'Processando ação: btu_equipamento', '{\"acao\": \"btu_equipamento\", \"etapa\": 1, \"sessao\": \"j4tifmc0qvjd2rk0srgufet651\", \"resposta\": \"7000\"}', '187.75.21.238', 'Mozilla/5.0 (Windows NT 10.0; Win64; x64; rv:146.0) Gecko/20100101 Firefox/146.0', 'j4tifmc0qvjd2rk0srgufet651', '/sistema-ia.php', 'https://nmrefrigeracao.business/sistema-ia.php?etapa=servicos', '2025-12-16 19:39:03');
INSERT INTO `logs_sistema` (`id`, `tipo`, `mensagem`, `dados`, `ip_address`, `user_agent`, `sessao_id`, `pagina`, `referer`, `data_criacao`) VALUES ('1620', 'btu_adicionado', 'BTU adicionado para equipamento', '{\"btu\": \"7000\", \"servico_id\": 7, \"servico_nome\": \"Limpeza Completa (no local com bolsa coletora)\", \"equipamento_num\": 3, \"total_equipamentos_servico\": 2}', '187.75.21.238', 'Mozilla/5.0 (Windows NT 10.0; Win64; x64; rv:146.0) Gecko/20100101 Firefox/146.0', 'j4tifmc0qvjd2rk0srgufet651', '/sistema-ia.php', 'https://nmrefrigeracao.business/sistema-ia.php?etapa=servicos', '2025-12-16 19:39:03');
INSERT INTO `logs_sistema` (`id`, `tipo`, `mensagem`, `dados`, `ip_address`, `user_agent`, `sessao_id`, `pagina`, `referer`, `data_criacao`) VALUES ('1621', 'rate_limit', 'Tentativa bloqueada - IP: 187.75.21.238', '{\"tipo\": \"nova_conversa\", \"contador\": 6, \"bloqueado_ate\": \"2025-12-16 21:28:25\", \"tempo_restante\": 6551}', '187.75.21.238', 'Mozilla/5.0 (Windows NT 10.0; Win64; x64; rv:146.0) Gecko/20100101 Firefox/146.0', 'j4tifmc0qvjd2rk0srgufet651', '/sistema-ia.php', 'https://nmrefrigeracao.business/sistema-ia.php?etapa=servicos', '2025-12-16 19:39:14');
INSERT INTO `logs_sistema` (`id`, `tipo`, `mensagem`, `dados`, `ip_address`, `user_agent`, `sessao_id`, `pagina`, `referer`, `data_criacao`) VALUES ('1622', 'processamento_tentativa', 'Processando ação: endereco', '{\"acao\": \"endereco\", \"etapa\": 1, \"sessao\": \"j4tifmc0qvjd2rk0srgufet651\", \"resposta\": \"\"}', '187.75.21.238', 'Mozilla/5.0 (Windows NT 10.0; Win64; x64; rv:146.0) Gecko/20100101 Firefox/146.0', 'j4tifmc0qvjd2rk0srgufet651', '/sistema-ia.php', 'https://nmrefrigeracao.business/sistema-ia.php?etapa=servicos', '2025-12-16 19:39:14');
INSERT INTO `logs_sistema` (`id`, `tipo`, `mensagem`, `dados`, `ip_address`, `user_agent`, `sessao_id`, `pagina`, `referer`, `data_criacao`) VALUES ('1623', 'endereco_recebido', 'Endereço completo recebido', '{\"etapa\": \"endereco\", \"endereco\": \"rua, n - bairro, cidade\"}', '187.75.21.238', 'Mozilla/5.0 (Windows NT 10.0; Win64; x64; rv:146.0) Gecko/20100101 Firefox/146.0', 'j4tifmc0qvjd2rk0srgufet651', '/sistema-ia.php', 'https://nmrefrigeracao.business/sistema-ia.php?etapa=servicos', '2025-12-16 19:39:14');
INSERT INTO `logs_sistema` (`id`, `tipo`, `mensagem`, `dados`, `ip_address`, `user_agent`, `sessao_id`, `pagina`, `referer`, `data_criacao`) VALUES ('1624', 'rate_limit', 'Tentativa bloqueada - IP: 187.75.21.238', '{\"tipo\": \"nova_conversa\", \"contador\": 6, \"bloqueado_ate\": \"2025-12-16 21:28:25\", \"tempo_restante\": 6546}', '187.75.21.238', 'Mozilla/5.0 (Windows NT 10.0; Win64; x64; rv:146.0) Gecko/20100101 Firefox/146.0', 'j4tifmc0qvjd2rk0srgufet651', '/sistema-ia.php', 'https://nmrefrigeracao.business/sistema-ia.php?etapa=servicos', '2025-12-16 19:39:19');
INSERT INTO `logs_sistema` (`id`, `tipo`, `mensagem`, `dados`, `ip_address`, `user_agent`, `sessao_id`, `pagina`, `referer`, `data_criacao`) VALUES ('1625', 'processamento_tentativa', 'Processando ação: endereco', '{\"acao\": \"endereco\", \"etapa\": 1, \"sessao\": \"j4tifmc0qvjd2rk0srgufet651\", \"resposta\": \"\"}', '187.75.21.238', 'Mozilla/5.0 (Windows NT 10.0; Win64; x64; rv:146.0) Gecko/20100101 Firefox/146.0', 'j4tifmc0qvjd2rk0srgufet651', '/sistema-ia.php', 'https://nmrefrigeracao.business/sistema-ia.php?etapa=servicos', '2025-12-16 19:39:19');
INSERT INTO `logs_sistema` (`id`, `tipo`, `mensagem`, `dados`, `ip_address`, `user_agent`, `sessao_id`, `pagina`, `referer`, `data_criacao`) VALUES ('1626', 'endereco_recebido', 'Endereço completo recebido', '{\"etapa\": \"endereco\", \"endereco\": \"rua, n - bairro, cidade\"}', '187.75.21.238', 'Mozilla/5.0 (Windows NT 10.0; Win64; x64; rv:146.0) Gecko/20100101 Firefox/146.0', 'j4tifmc0qvjd2rk0srgufet651', '/sistema-ia.php', 'https://nmrefrigeracao.business/sistema-ia.php?etapa=servicos', '2025-12-16 19:39:19');
INSERT INTO `logs_sistema` (`id`, `tipo`, `mensagem`, `dados`, `ip_address`, `user_agent`, `sessao_id`, `pagina`, `referer`, `data_criacao`) VALUES ('1627', 'rate_limit', 'Tentativa bloqueada - IP: 187.75.21.238', '{\"tipo\": \"nova_conversa\", \"contador\": 6, \"bloqueado_ate\": \"2025-12-16 21:28:25\", \"tempo_restante\": 6542}', '187.75.21.238', 'Mozilla/5.0 (Windows NT 10.0; Win64; x64; rv:146.0) Gecko/20100101 Firefox/146.0', 'j4tifmc0qvjd2rk0srgufet651', '/sistema-ia.php', 'https://nmrefrigeracao.business/sistema-ia.php?etapa=servicos', '2025-12-16 19:39:23');
INSERT INTO `logs_sistema` (`id`, `tipo`, `mensagem`, `dados`, `ip_address`, `user_agent`, `sessao_id`, `pagina`, `referer`, `data_criacao`) VALUES ('1628', 'processamento_tentativa', 'Processando ação: btu_equipamento', '{\"acao\": \"btu_equipamento\", \"etapa\": 1, \"sessao\": \"j4tifmc0qvjd2rk0srgufet651\", \"resposta\": \"7000\"}', '187.75.21.238', 'Mozilla/5.0 (Windows NT 10.0; Win64; x64; rv:146.0) Gecko/20100101 Firefox/146.0', 'j4tifmc0qvjd2rk0srgufet651', '/sistema-ia.php', 'https://nmrefrigeracao.business/sistema-ia.php?etapa=servicos', '2025-12-16 19:39:23');
INSERT INTO `logs_sistema` (`id`, `tipo`, `mensagem`, `dados`, `ip_address`, `user_agent`, `sessao_id`, `pagina`, `referer`, `data_criacao`) VALUES ('1629', 'btu_adicionado', 'BTU adicionado para equipamento', '{\"btu\": \"7000\", \"servico_id\": 7, \"servico_nome\": \"Limpeza Completa (no local com bolsa coletora)\", \"equipamento_num\": 4, \"total_equipamentos_servico\": 2}', '187.75.21.238', 'Mozilla/5.0 (Windows NT 10.0; Win64; x64; rv:146.0) Gecko/20100101 Firefox/146.0', 'j4tifmc0qvjd2rk0srgufet651', '/sistema-ia.php', 'https://nmrefrigeracao.business/sistema-ia.php?etapa=servicos', '2025-12-16 19:39:23');
INSERT INTO `logs_sistema` (`id`, `tipo`, `mensagem`, `dados`, `ip_address`, `user_agent`, `sessao_id`, `pagina`, `referer`, `data_criacao`) VALUES ('1630', 'rate_limit', 'Tentativa bloqueada - IP: 187.75.21.238', '{\"tipo\": \"nova_conversa\", \"contador\": 6, \"bloqueado_ate\": \"2025-12-16 21:28:25\", \"tempo_restante\": 6526}', '187.75.21.238', 'Mozilla/5.0 (Windows NT 10.0; Win64; x64; rv:146.0) Gecko/20100101 Firefox/146.0', 'j4tifmc0qvjd2rk0srgufet651', '/sistema-ia.php', 'https://nmrefrigeracao.business/sistema-ia.php?etapa=servicos', '2025-12-16 19:39:39');
INSERT INTO `logs_sistema` (`id`, `tipo`, `mensagem`, `dados`, `ip_address`, `user_agent`, `sessao_id`, `pagina`, `referer`, `data_criacao`) VALUES ('1631', 'processamento_tentativa', 'Processando ação: endereco', '{\"acao\": \"endereco\", \"etapa\": 1, \"sessao\": \"j4tifmc0qvjd2rk0srgufet651\", \"resposta\": \"\"}', '187.75.21.238', 'Mozilla/5.0 (Windows NT 10.0; Win64; x64; rv:146.0) Gecko/20100101 Firefox/146.0', 'j4tifmc0qvjd2rk0srgufet651', '/sistema-ia.php', 'https://nmrefrigeracao.business/sistema-ia.php?etapa=servicos', '2025-12-16 19:39:39');
INSERT INTO `logs_sistema` (`id`, `tipo`, `mensagem`, `dados`, `ip_address`, `user_agent`, `sessao_id`, `pagina`, `referer`, `data_criacao`) VALUES ('1632', 'endereco_recebido', 'Endereço completo recebido', '{\"etapa\": \"endereco\", \"endereco\": \"rua, n - bairro, cidade\"}', '187.75.21.238', 'Mozilla/5.0 (Windows NT 10.0; Win64; x64; rv:146.0) Gecko/20100101 Firefox/146.0', 'j4tifmc0qvjd2rk0srgufet651', '/sistema-ia.php', 'https://nmrefrigeracao.business/sistema-ia.php?etapa=servicos', '2025-12-16 19:39:39');
INSERT INTO `logs_sistema` (`id`, `tipo`, `mensagem`, `dados`, `ip_address`, `user_agent`, `sessao_id`, `pagina`, `referer`, `data_criacao`) VALUES ('1633', 'rate_limit', 'Tentativa bloqueada - IP: 187.75.21.238', '{\"tipo\": \"nova_conversa\", \"contador\": 6, \"bloqueado_ate\": \"2025-12-16 21:28:25\", \"tempo_restante\": 6497}', '187.75.21.238', 'Mozilla/5.0 (Windows NT 10.0; Win64; x64; rv:146.0) Gecko/20100101 Firefox/146.0', 'j4tifmc0qvjd2rk0srgufet651', '/sistema-ia.php', 'https://nmrefrigeracao.business/sistema-ia.php?etapa=servicos', '2025-12-16 19:40:08');
INSERT INTO `logs_sistema` (`id`, `tipo`, `mensagem`, `dados`, `ip_address`, `user_agent`, `sessao_id`, `pagina`, `referer`, `data_criacao`) VALUES ('1634', 'processamento_tentativa', 'Processando ação: btu_equipamento', '{\"acao\": \"btu_equipamento\", \"etapa\": 1, \"sessao\": \"j4tifmc0qvjd2rk0srgufet651\", \"resposta\": \"7000\"}', '187.75.21.238', 'Mozilla/5.0 (Windows NT 10.0; Win64; x64; rv:146.0) Gecko/20100101 Firefox/146.0', 'j4tifmc0qvjd2rk0srgufet651', '/sistema-ia.php', 'https://nmrefrigeracao.business/sistema-ia.php?etapa=servicos', '2025-12-16 19:40:08');
INSERT INTO `logs_sistema` (`id`, `tipo`, `mensagem`, `dados`, `ip_address`, `user_agent`, `sessao_id`, `pagina`, `referer`, `data_criacao`) VALUES ('1635', 'btu_adicionado', 'BTU adicionado para equipamento', '{\"btu\": \"7000\", \"servico_id\": 7, \"servico_nome\": \"Limpeza Completa (no local com bolsa coletora)\", \"equipamento_num\": 5, \"total_equipamentos_servico\": 2}', '187.75.21.238', 'Mozilla/5.0 (Windows NT 10.0; Win64; x64; rv:146.0) Gecko/20100101 Firefox/146.0', 'j4tifmc0qvjd2rk0srgufet651', '/sistema-ia.php', 'https://nmrefrigeracao.business/sistema-ia.php?etapa=servicos', '2025-12-16 19:40:08');
INSERT INTO `logs_sistema` (`id`, `tipo`, `mensagem`, `dados`, `ip_address`, `user_agent`, `sessao_id`, `pagina`, `referer`, `data_criacao`) VALUES ('1636', 'rate_limit', 'Tentativa bloqueada - IP: 187.75.21.238', '{\"tipo\": \"nova_conversa\", \"contador\": 6, \"bloqueado_ate\": \"2025-12-16 21:28:25\", \"tempo_restante\": 6478}', '187.75.21.238', 'Mozilla/5.0 (Windows NT 10.0; Win64; x64; rv:146.0) Gecko/20100101 Firefox/146.0', 'j4tifmc0qvjd2rk0srgufet651', '/sistema-ia.php', 'https://nmrefrigeracao.business/sistema-ia.php?etapa=servicos', '2025-12-16 19:40:27');
INSERT INTO `logs_sistema` (`id`, `tipo`, `mensagem`, `dados`, `ip_address`, `user_agent`, `sessao_id`, `pagina`, `referer`, `data_criacao`) VALUES ('1637', 'processamento_tentativa', 'Processando ação: endereco', '{\"acao\": \"endereco\", \"etapa\": 1, \"sessao\": \"j4tifmc0qvjd2rk0srgufet651\", \"resposta\": \"\"}', '187.75.21.238', 'Mozilla/5.0 (Windows NT 10.0; Win64; x64; rv:146.0) Gecko/20100101 Firefox/146.0', 'j4tifmc0qvjd2rk0srgufet651', '/sistema-ia.php', 'https://nmrefrigeracao.business/sistema-ia.php?etapa=servicos', '2025-12-16 19:40:27');
INSERT INTO `logs_sistema` (`id`, `tipo`, `mensagem`, `dados`, `ip_address`, `user_agent`, `sessao_id`, `pagina`, `referer`, `data_criacao`) VALUES ('1638', 'endereco_recebido', 'Endereço completo recebido', '{\"etapa\": \"endereco\", \"endereco\": \"rua, n - bairro, cidade\"}', '187.75.21.238', 'Mozilla/5.0 (Windows NT 10.0; Win64; x64; rv:146.0) Gecko/20100101 Firefox/146.0', 'j4tifmc0qvjd2rk0srgufet651', '/sistema-ia.php', 'https://nmrefrigeracao.business/sistema-ia.php?etapa=servicos', '2025-12-16 19:40:27');
INSERT INTO `logs_sistema` (`id`, `tipo`, `mensagem`, `dados`, `ip_address`, `user_agent`, `sessao_id`, `pagina`, `referer`, `data_criacao`) VALUES ('1639', 'rate_limit', 'Tentativa bloqueada - IP: 187.75.21.238', '{\"tipo\": \"nova_conversa\", \"contador\": 6, \"bloqueado_ate\": \"2025-12-16 21:28:25\", \"tempo_restante\": 6264}', '187.75.21.238', 'Mozilla/5.0 (Windows NT 10.0; Win64; x64; rv:146.0) Gecko/20100101 Firefox/146.0', 'j4tifmc0qvjd2rk0srgufet651', '/sistema-ia.php', 'https://nmrefrigeracao.business/sistema-ia.php?etapa=servicos', '2025-12-16 19:44:01');
INSERT INTO `logs_sistema` (`id`, `tipo`, `mensagem`, `dados`, `ip_address`, `user_agent`, `sessao_id`, `pagina`, `referer`, `data_criacao`) VALUES ('1640', 'processamento_tentativa', 'Processando ação: endereco', '{\"acao\": \"endereco\", \"etapa\": 1, \"sessao\": \"j4tifmc0qvjd2rk0srgufet651\", \"resposta\": \"\"}', '187.75.21.238', 'Mozilla/5.0 (Windows NT 10.0; Win64; x64; rv:146.0) Gecko/20100101 Firefox/146.0', 'j4tifmc0qvjd2rk0srgufet651', '/sistema-ia.php', 'https://nmrefrigeracao.business/sistema-ia.php?etapa=servicos', '2025-12-16 19:44:01');
INSERT INTO `logs_sistema` (`id`, `tipo`, `mensagem`, `dados`, `ip_address`, `user_agent`, `sessao_id`, `pagina`, `referer`, `data_criacao`) VALUES ('1641', 'endereco_recebido', 'Endereço completo recebido', '{\"etapa\": \"endereco\", \"endereco\": \"rua, n - bairro, cidade\"}', '187.75.21.238', 'Mozilla/5.0 (Windows NT 10.0; Win64; x64; rv:146.0) Gecko/20100101 Firefox/146.0', 'j4tifmc0qvjd2rk0srgufet651', '/sistema-ia.php', 'https://nmrefrigeracao.business/sistema-ia.php?etapa=servicos', '2025-12-16 19:44:01');
INSERT INTO `logs_sistema` (`id`, `tipo`, `mensagem`, `dados`, `ip_address`, `user_agent`, `sessao_id`, `pagina`, `referer`, `data_criacao`) VALUES ('1642', 'rate_limit', 'Tentativa bloqueada - IP: 187.75.21.238', '{\"tipo\": \"nova_conversa\", \"contador\": 6, \"bloqueado_ate\": \"2025-12-16 21:28:25\", \"tempo_restante\": 6201}', '187.75.21.238', 'Mozilla/5.0 (Windows NT 10.0; Win64; x64; rv:146.0) Gecko/20100101 Firefox/146.0', 'j4tifmc0qvjd2rk0srgufet651', '/sistema-ia.php', 'https://nmrefrigeracao.business/sistema-ia.php?etapa=servicos', '2025-12-16 19:45:04');
INSERT INTO `logs_sistema` (`id`, `tipo`, `mensagem`, `dados`, `ip_address`, `user_agent`, `sessao_id`, `pagina`, `referer`, `data_criacao`) VALUES ('1643', 'processamento_tentativa', 'Processando ação: endereco', '{\"acao\": \"endereco\", \"etapa\": 1, \"sessao\": \"j4tifmc0qvjd2rk0srgufet651\", \"resposta\": \"\"}', '187.75.21.238', 'Mozilla/5.0 (Windows NT 10.0; Win64; x64; rv:146.0) Gecko/20100101 Firefox/146.0', 'j4tifmc0qvjd2rk0srgufet651', '/sistema-ia.php', 'https://nmrefrigeracao.business/sistema-ia.php?etapa=servicos', '2025-12-16 19:45:04');
INSERT INTO `logs_sistema` (`id`, `tipo`, `mensagem`, `dados`, `ip_address`, `user_agent`, `sessao_id`, `pagina`, `referer`, `data_criacao`) VALUES ('1644', 'endereco_recebido', 'Endereço completo recebido', '{\"etapa\": \"endereco\", \"endereco\": \"rua, n - bairro, cidade\"}', '187.75.21.238', 'Mozilla/5.0 (Windows NT 10.0; Win64; x64; rv:146.0) Gecko/20100101 Firefox/146.0', 'j4tifmc0qvjd2rk0srgufet651', '/sistema-ia.php', 'https://nmrefrigeracao.business/sistema-ia.php?etapa=servicos', '2025-12-16 19:45:04');
INSERT INTO `logs_sistema` (`id`, `tipo`, `mensagem`, `dados`, `ip_address`, `user_agent`, `sessao_id`, `pagina`, `referer`, `data_criacao`) VALUES ('1645', 'rate_limit', 'Tentativa bloqueada - IP: 187.75.21.238', '{\"tipo\": \"nova_conversa\", \"contador\": 6, \"bloqueado_ate\": \"2025-12-16 21:28:25\", \"tempo_restante\": 6154}', '187.75.21.238', 'Mozilla/5.0 (Windows NT 10.0; Win64; x64; rv:146.0) Gecko/20100101 Firefox/146.0', 'j4tifmc0qvjd2rk0srgufet651', '/sistema-ia.php', 'https://nmrefrigeracao.business/sistema-ia.php?etapa=servicos', '2025-12-16 19:45:51');
INSERT INTO `logs_sistema` (`id`, `tipo`, `mensagem`, `dados`, `ip_address`, `user_agent`, `sessao_id`, `pagina`, `referer`, `data_criacao`) VALUES ('1646', 'processamento_tentativa', 'Processando ação: endereco', '{\"acao\": \"endereco\", \"etapa\": 1, \"sessao\": \"j4tifmc0qvjd2rk0srgufet651\", \"resposta\": \"\"}', '187.75.21.238', 'Mozilla/5.0 (Windows NT 10.0; Win64; x64; rv:146.0) Gecko/20100101 Firefox/146.0', 'j4tifmc0qvjd2rk0srgufet651', '/sistema-ia.php', 'https://nmrefrigeracao.business/sistema-ia.php?etapa=servicos', '2025-12-16 19:45:51');
INSERT INTO `logs_sistema` (`id`, `tipo`, `mensagem`, `dados`, `ip_address`, `user_agent`, `sessao_id`, `pagina`, `referer`, `data_criacao`) VALUES ('1647', 'endereco_recebido', 'Endereço completo recebido', '{\"etapa\": \"endereco\", \"endereco\": \"rua, n - bairro, cidade\"}', '187.75.21.238', 'Mozilla/5.0 (Windows NT 10.0; Win64; x64; rv:146.0) Gecko/20100101 Firefox/146.0', 'j4tifmc0qvjd2rk0srgufet651', '/sistema-ia.php', 'https://nmrefrigeracao.business/sistema-ia.php?etapa=servicos', '2025-12-16 19:45:51');
INSERT INTO `logs_sistema` (`id`, `tipo`, `mensagem`, `dados`, `ip_address`, `user_agent`, `sessao_id`, `pagina`, `referer`, `data_criacao`) VALUES ('1648', 'rate_limit', 'Tentativa bloqueada - IP: 187.75.21.238', '{\"tipo\": \"nova_conversa\", \"contador\": 6, \"bloqueado_ate\": \"2025-12-16 21:28:25\", \"tempo_restante\": 6138}', '187.75.21.238', 'Mozilla/5.0 (Windows NT 10.0; Win64; x64; rv:146.0) Gecko/20100101 Firefox/146.0', 'j4tifmc0qvjd2rk0srgufet651', '/sistema-ia.php', '', '2025-12-16 19:46:07');
INSERT INTO `logs_sistema` (`id`, `tipo`, `mensagem`, `dados`, `ip_address`, `user_agent`, `sessao_id`, `pagina`, `referer`, `data_criacao`) VALUES ('1649', 'rate_limit', 'Tentativa bloqueada - IP: 187.75.21.238', '{\"tipo\": \"nova_conversa\", \"contador\": 6, \"bloqueado_ate\": \"2025-12-16 21:28:25\", \"tempo_restante\": 6123}', '187.75.21.238', 'Mozilla/5.0 (Windows NT 10.0; Win64; x64; rv:146.0) Gecko/20100101 Firefox/146.0', 'j4tifmc0qvjd2rk0srgufet651', '/sistema-ia.php', 'https://nmrefrigeracao.business/sistema-ia.php?debug=1', '2025-12-16 19:46:22');
INSERT INTO `logs_sistema` (`id`, `tipo`, `mensagem`, `dados`, `ip_address`, `user_agent`, `sessao_id`, `pagina`, `referer`, `data_criacao`) VALUES ('1650', 'processamento_tentativa', 'Processando ação: endereco', '{\"acao\": \"endereco\", \"etapa\": 1, \"sessao\": \"j4tifmc0qvjd2rk0srgufet651\", \"resposta\": \"\"}', '187.75.21.238', 'Mozilla/5.0 (Windows NT 10.0; Win64; x64; rv:146.0) Gecko/20100101 Firefox/146.0', 'j4tifmc0qvjd2rk0srgufet651', '/sistema-ia.php', 'https://nmrefrigeracao.business/sistema-ia.php?debug=1', '2025-12-16 19:46:22');
INSERT INTO `logs_sistema` (`id`, `tipo`, `mensagem`, `dados`, `ip_address`, `user_agent`, `sessao_id`, `pagina`, `referer`, `data_criacao`) VALUES ('1651', 'endereco_recebido', 'Endereço completo recebido', '{\"etapa\": \"endereco\", \"endereco\": \"rua, n - bairro, cidade\"}', '187.75.21.238', 'Mozilla/5.0 (Windows NT 10.0; Win64; x64; rv:146.0) Gecko/20100101 Firefox/146.0', 'j4tifmc0qvjd2rk0srgufet651', '/sistema-ia.php', 'https://nmrefrigeracao.business/sistema-ia.php?debug=1', '2025-12-16 19:46:22');
INSERT INTO `logs_sistema` (`id`, `tipo`, `mensagem`, `dados`, `ip_address`, `user_agent`, `sessao_id`, `pagina`, `referer`, `data_criacao`) VALUES ('1652', 'rate_limit', 'Tentativa bloqueada - IP: 187.75.21.238', '{\"tipo\": \"nova_conversa\", \"contador\": 6, \"bloqueado_ate\": \"2025-12-16 21:28:25\", \"tempo_restante\": 5883}', '187.75.21.238', 'Mozilla/5.0 (Windows NT 10.0; Win64; x64; rv:146.0) Gecko/20100101 Firefox/146.0', 'j4tifmc0qvjd2rk0srgufet651', '/sistema-ia.php', 'https://nmrefrigeracao.business/sistema-ia.php?etapa=servicos', '2025-12-16 19:50:22');
INSERT INTO `logs_sistema` (`id`, `tipo`, `mensagem`, `dados`, `ip_address`, `user_agent`, `sessao_id`, `pagina`, `referer`, `data_criacao`) VALUES ('1653', 'processamento_tentativa', 'Processando ação: endereco', '{\"acao\": \"endereco\", \"etapa\": 1, \"sessao\": \"j4tifmc0qvjd2rk0srgufet651\", \"resposta\": \"\"}', '187.75.21.238', 'Mozilla/5.0 (Windows NT 10.0; Win64; x64; rv:146.0) Gecko/20100101 Firefox/146.0', 'j4tifmc0qvjd2rk0srgufet651', '/sistema-ia.php', 'https://nmrefrigeracao.business/sistema-ia.php?etapa=servicos', '2025-12-16 19:50:22');
INSERT INTO `logs_sistema` (`id`, `tipo`, `mensagem`, `dados`, `ip_address`, `user_agent`, `sessao_id`, `pagina`, `referer`, `data_criacao`) VALUES ('1654', 'endereco_recebido', 'Endereço completo recebido', '{\"etapa\": \"endereco\", \"endereco\": \"rua, n - bairro, cidade\"}', '187.75.21.238', 'Mozilla/5.0 (Windows NT 10.0; Win64; x64; rv:146.0) Gecko/20100101 Firefox/146.0', 'j4tifmc0qvjd2rk0srgufet651', '/sistema-ia.php', 'https://nmrefrigeracao.business/sistema-ia.php?etapa=servicos', '2025-12-16 19:50:22');
INSERT INTO `logs_sistema` (`id`, `tipo`, `mensagem`, `dados`, `ip_address`, `user_agent`, `sessao_id`, `pagina`, `referer`, `data_criacao`) VALUES ('1655', 'rate_limit', 'Tentativa bloqueada - IP: 187.75.21.238', '{\"tipo\": \"nova_conversa\", \"contador\": 6, \"bloqueado_ate\": \"2025-12-16 21:28:25\", \"tempo_restante\": 4643}', '187.75.21.238', 'Mozilla/5.0 (Windows NT 10.0; Win64; x64; rv:146.0) Gecko/20100101 Firefox/146.0', 'j4tifmc0qvjd2rk0srgufet651', '/sistema-ia.php', 'https://nmrefrigeracao.business/sistema-ia.php?etapa=servicos', '2025-12-16 20:11:02');
INSERT INTO `logs_sistema` (`id`, `tipo`, `mensagem`, `dados`, `ip_address`, `user_agent`, `sessao_id`, `pagina`, `referer`, `data_criacao`) VALUES ('1656', 'processamento_tentativa', 'Processando ação: endereco', '{\"acao\": \"endereco\", \"etapa\": 1, \"sessao\": \"j4tifmc0qvjd2rk0srgufet651\", \"resposta\": \"\"}', '187.75.21.238', 'Mozilla/5.0 (Windows NT 10.0; Win64; x64; rv:146.0) Gecko/20100101 Firefox/146.0', 'j4tifmc0qvjd2rk0srgufet651', '/sistema-ia.php', 'https://nmrefrigeracao.business/sistema-ia.php?etapa=servicos', '2025-12-16 20:11:02');
INSERT INTO `logs_sistema` (`id`, `tipo`, `mensagem`, `dados`, `ip_address`, `user_agent`, `sessao_id`, `pagina`, `referer`, `data_criacao`) VALUES ('1657', 'endereco_recebido', 'Endereço completo recebido', '{\"etapa\": \"endereco\", \"endereco\": \"rua, n - bairro, cidade\"}', '187.75.21.238', 'Mozilla/5.0 (Windows NT 10.0; Win64; x64; rv:146.0) Gecko/20100101 Firefox/146.0', 'j4tifmc0qvjd2rk0srgufet651', '/sistema-ia.php', 'https://nmrefrigeracao.business/sistema-ia.php?etapa=servicos', '2025-12-16 20:11:02');
INSERT INTO `logs_sistema` (`id`, `tipo`, `mensagem`, `dados`, `ip_address`, `user_agent`, `sessao_id`, `pagina`, `referer`, `data_criacao`) VALUES ('1658', 'erro_banco', 'Falha ao buscar agendamentos com término: SQLSTATE[42S22]: Column not found: 1054 Unknown column \'a.duracao_estimada_min\' in \'field list\'', '{\"data\": \"2025-12-17\"}', '187.75.21.238', 'Mozilla/5.0 (Windows NT 10.0; Win64; x64; rv:146.0) Gecko/20100101 Firefox/146.0', 'j4tifmc0qvjd2rk0srgufet651', '/sistema-ia.php', 'https://nmrefrigeracao.business/sistema-ia.php?etapa=servicos', '2025-12-16 20:11:02');
INSERT INTO `logs_sistema` (`id`, `tipo`, `mensagem`, `dados`, `ip_address`, `user_agent`, `sessao_id`, `pagina`, `referer`, `data_criacao`) VALUES ('1659', 'erro_banco', 'Falha ao buscar agendamentos com término: SQLSTATE[42S22]: Column not found: 1054 Unknown column \'a.duracao_estimada_min\' in \'field list\'', '{\"data\": \"2025-12-18\"}', '187.75.21.238', 'Mozilla/5.0 (Windows NT 10.0; Win64; x64; rv:146.0) Gecko/20100101 Firefox/146.0', 'j4tifmc0qvjd2rk0srgufet651', '/sistema-ia.php', 'https://nmrefrigeracao.business/sistema-ia.php?etapa=servicos', '2025-12-16 20:11:02');
INSERT INTO `logs_sistema` (`id`, `tipo`, `mensagem`, `dados`, `ip_address`, `user_agent`, `sessao_id`, `pagina`, `referer`, `data_criacao`) VALUES ('1660', 'erro_banco', 'Falha ao buscar agendamentos com término: SQLSTATE[42S22]: Column not found: 1054 Unknown column \'a.duracao_estimada_min\' in \'field list\'', '{\"data\": \"2025-12-19\"}', '187.75.21.238', 'Mozilla/5.0 (Windows NT 10.0; Win64; x64; rv:146.0) Gecko/20100101 Firefox/146.0', 'j4tifmc0qvjd2rk0srgufet651', '/sistema-ia.php', 'https://nmrefrigeracao.business/sistema-ia.php?etapa=servicos', '2025-12-16 20:11:02');
INSERT INTO `logs_sistema` (`id`, `tipo`, `mensagem`, `dados`, `ip_address`, `user_agent`, `sessao_id`, `pagina`, `referer`, `data_criacao`) VALUES ('1661', 'erro_banco', 'Falha ao buscar agendamentos com término: SQLSTATE[42S22]: Column not found: 1054 Unknown column \'a.duracao_estimada_min\' in \'field list\'', '{\"data\": \"2025-12-20\"}', '187.75.21.238', 'Mozilla/5.0 (Windows NT 10.0; Win64; x64; rv:146.0) Gecko/20100101 Firefox/146.0', 'j4tifmc0qvjd2rk0srgufet651', '/sistema-ia.php', 'https://nmrefrigeracao.business/sistema-ia.php?etapa=servicos', '2025-12-16 20:11:02');
INSERT INTO `logs_sistema` (`id`, `tipo`, `mensagem`, `dados`, `ip_address`, `user_agent`, `sessao_id`, `pagina`, `referer`, `data_criacao`) VALUES ('1662', 'erro_banco', 'Falha ao buscar agendamentos com término: SQLSTATE[42S22]: Column not found: 1054 Unknown column \'a.duracao_estimada_min\' in \'field list\'', '{\"data\": \"2025-12-21\"}', '187.75.21.238', 'Mozilla/5.0 (Windows NT 10.0; Win64; x64; rv:146.0) Gecko/20100101 Firefox/146.0', 'j4tifmc0qvjd2rk0srgufet651', '/sistema-ia.php', 'https://nmrefrigeracao.business/sistema-ia.php?etapa=servicos', '2025-12-16 20:11:02');
INSERT INTO `logs_sistema` (`id`, `tipo`, `mensagem`, `dados`, `ip_address`, `user_agent`, `sessao_id`, `pagina`, `referer`, `data_criacao`) VALUES ('1663', 'erro_banco', 'Falha ao buscar agendamentos com término: SQLSTATE[42S22]: Column not found: 1054 Unknown column \'a.duracao_estimada_min\' in \'field list\'', '{\"data\": \"2025-12-22\"}', '187.75.21.238', 'Mozilla/5.0 (Windows NT 10.0; Win64; x64; rv:146.0) Gecko/20100101 Firefox/146.0', 'j4tifmc0qvjd2rk0srgufet651', '/sistema-ia.php', 'https://nmrefrigeracao.business/sistema-ia.php?etapa=servicos', '2025-12-16 20:11:02');
INSERT INTO `logs_sistema` (`id`, `tipo`, `mensagem`, `dados`, `ip_address`, `user_agent`, `sessao_id`, `pagina`, `referer`, `data_criacao`) VALUES ('1664', 'erro_banco', 'Falha ao buscar agendamentos com término: SQLSTATE[42S22]: Column not found: 1054 Unknown column \'a.duracao_estimada_min\' in \'field list\'', '{\"data\": \"2025-12-23\"}', '187.75.21.238', 'Mozilla/5.0 (Windows NT 10.0; Win64; x64; rv:146.0) Gecko/20100101 Firefox/146.0', 'j4tifmc0qvjd2rk0srgufet651', '/sistema-ia.php', 'https://nmrefrigeracao.business/sistema-ia.php?etapa=servicos', '2025-12-16 20:11:02');
INSERT INTO `logs_sistema` (`id`, `tipo`, `mensagem`, `dados`, `ip_address`, `user_agent`, `sessao_id`, `pagina`, `referer`, `data_criacao`) VALUES ('1665', 'erro_banco', 'Falha ao buscar agendamentos com término: SQLSTATE[42S22]: Column not found: 1054 Unknown column \'a.duracao_estimada_min\' in \'field list\'', '{\"data\": \"2025-12-24\"}', '187.75.21.238', 'Mozilla/5.0 (Windows NT 10.0; Win64; x64; rv:146.0) Gecko/20100101 Firefox/146.0', 'j4tifmc0qvjd2rk0srgufet651', '/sistema-ia.php', 'https://nmrefrigeracao.business/sistema-ia.php?etapa=servicos', '2025-12-16 20:11:02');
INSERT INTO `logs_sistema` (`id`, `tipo`, `mensagem`, `dados`, `ip_address`, `user_agent`, `sessao_id`, `pagina`, `referer`, `data_criacao`) VALUES ('1666', 'erro_banco', 'Falha ao buscar agendamentos com término: SQLSTATE[42S22]: Column not found: 1054 Unknown column \'a.duracao_estimada_min\' in \'field list\'', '{\"data\": \"2025-12-25\"}', '187.75.21.238', 'Mozilla/5.0 (Windows NT 10.0; Win64; x64; rv:146.0) Gecko/20100101 Firefox/146.0', 'j4tifmc0qvjd2rk0srgufet651', '/sistema-ia.php', 'https://nmrefrigeracao.business/sistema-ia.php?etapa=servicos', '2025-12-16 20:11:02');
INSERT INTO `logs_sistema` (`id`, `tipo`, `mensagem`, `dados`, `ip_address`, `user_agent`, `sessao_id`, `pagina`, `referer`, `data_criacao`) VALUES ('1667', 'erro_banco', 'Falha ao buscar agendamentos com término: SQLSTATE[42S22]: Column not found: 1054 Unknown column \'a.duracao_estimada_min\' in \'field list\'', '{\"data\": \"2025-12-26\"}', '187.75.21.238', 'Mozilla/5.0 (Windows NT 10.0; Win64; x64; rv:146.0) Gecko/20100101 Firefox/146.0', 'j4tifmc0qvjd2rk0srgufet651', '/sistema-ia.php', 'https://nmrefrigeracao.business/sistema-ia.php?etapa=servicos', '2025-12-16 20:11:02');
INSERT INTO `logs_sistema` (`id`, `tipo`, `mensagem`, `dados`, `ip_address`, `user_agent`, `sessao_id`, `pagina`, `referer`, `data_criacao`) VALUES ('1668', 'erro_banco', 'Falha ao buscar agendamentos com término: SQLSTATE[42S22]: Column not found: 1054 Unknown column \'a.duracao_estimada_min\' in \'field list\'', '{\"data\": \"2025-12-27\"}', '187.75.21.238', 'Mozilla/5.0 (Windows NT 10.0; Win64; x64; rv:146.0) Gecko/20100101 Firefox/146.0', 'j4tifmc0qvjd2rk0srgufet651', '/sistema-ia.php', 'https://nmrefrigeracao.business/sistema-ia.php?etapa=servicos', '2025-12-16 20:11:02');
INSERT INTO `logs_sistema` (`id`, `tipo`, `mensagem`, `dados`, `ip_address`, `user_agent`, `sessao_id`, `pagina`, `referer`, `data_criacao`) VALUES ('1669', 'erro_banco', 'Falha ao buscar agendamentos com término: SQLSTATE[42S22]: Column not found: 1054 Unknown column \'a.duracao_estimada_min\' in \'field list\'', '{\"data\": \"2025-12-28\"}', '187.75.21.238', 'Mozilla/5.0 (Windows NT 10.0; Win64; x64; rv:146.0) Gecko/20100101 Firefox/146.0', 'j4tifmc0qvjd2rk0srgufet651', '/sistema-ia.php', 'https://nmrefrigeracao.business/sistema-ia.php?etapa=servicos', '2025-12-16 20:11:02');
INSERT INTO `logs_sistema` (`id`, `tipo`, `mensagem`, `dados`, `ip_address`, `user_agent`, `sessao_id`, `pagina`, `referer`, `data_criacao`) VALUES ('1670', 'erro_banco', 'Falha ao buscar agendamentos com término: SQLSTATE[42S22]: Column not found: 1054 Unknown column \'a.duracao_estimada_min\' in \'field list\'', '{\"data\": \"2025-12-29\"}', '187.75.21.238', 'Mozilla/5.0 (Windows NT 10.0; Win64; x64; rv:146.0) Gecko/20100101 Firefox/146.0', 'j4tifmc0qvjd2rk0srgufet651', '/sistema-ia.php', 'https://nmrefrigeracao.business/sistema-ia.php?etapa=servicos', '2025-12-16 20:11:02');
INSERT INTO `logs_sistema` (`id`, `tipo`, `mensagem`, `dados`, `ip_address`, `user_agent`, `sessao_id`, `pagina`, `referer`, `data_criacao`) VALUES ('1671', 'erro_banco', 'Falha ao buscar agendamentos com término: SQLSTATE[42S22]: Column not found: 1054 Unknown column \'a.duracao_estimada_min\' in \'field list\'', '{\"data\": \"2025-12-30\"}', '187.75.21.238', 'Mozilla/5.0 (Windows NT 10.0; Win64; x64; rv:146.0) Gecko/20100101 Firefox/146.0', 'j4tifmc0qvjd2rk0srgufet651', '/sistema-ia.php', 'https://nmrefrigeracao.business/sistema-ia.php?etapa=servicos', '2025-12-16 20:11:02');
INSERT INTO `logs_sistema` (`id`, `tipo`, `mensagem`, `dados`, `ip_address`, `user_agent`, `sessao_id`, `pagina`, `referer`, `data_criacao`) VALUES ('1672', 'datas_geradas', 'Datas com janelas disponíveis geradas', '{\"tempo_total_min\": null, \"total_disponiveis\": 14, \"total_verificadas\": 14}', '187.75.21.238', 'Mozilla/5.0 (Windows NT 10.0; Win64; x64; rv:146.0) Gecko/20100101 Firefox/146.0', 'j4tifmc0qvjd2rk0srgufet651', '/sistema-ia.php', 'https://nmrefrigeracao.business/sistema-ia.php?etapa=servicos', '2025-12-16 20:11:02');
INSERT INTO `logs_sistema` (`id`, `tipo`, `mensagem`, `dados`, `ip_address`, `user_agent`, `sessao_id`, `pagina`, `referer`, `data_criacao`) VALUES ('1673', 'rate_limit', 'Tentativa bloqueada - IP: 187.75.21.238', '{\"tipo\": \"nova_conversa\", \"contador\": 6, \"bloqueado_ate\": \"2025-12-16 21:28:25\", \"tempo_restante\": 4635}', '187.75.21.238', 'Mozilla/5.0 (Windows NT 10.0; Win64; x64; rv:146.0) Gecko/20100101 Firefox/146.0', 'j4tifmc0qvjd2rk0srgufet651', '/sistema-ia.php', 'https://nmrefrigeracao.business/sistema-ia.php?etapa=servicos', '2025-12-16 20:11:10');
INSERT INTO `logs_sistema` (`id`, `tipo`, `mensagem`, `dados`, `ip_address`, `user_agent`, `sessao_id`, `pagina`, `referer`, `data_criacao`) VALUES ('1674', 'processamento_tentativa', 'Processando ação: selecionar_data', '{\"acao\": \"selecionar_data\", \"etapa\": 1, \"sessao\": \"j4tifmc0qvjd2rk0srgufet651\", \"resposta\": \"2025-12-17\"}', '187.75.21.238', 'Mozilla/5.0 (Windows NT 10.0; Win64; x64; rv:146.0) Gecko/20100101 Firefox/146.0', 'j4tifmc0qvjd2rk0srgufet651', '/sistema-ia.php', 'https://nmrefrigeracao.business/sistema-ia.php?etapa=servicos', '2025-12-16 20:11:10');
INSERT INTO `logs_sistema` (`id`, `tipo`, `mensagem`, `dados`, `ip_address`, `user_agent`, `sessao_id`, `pagina`, `referer`, `data_criacao`) VALUES ('1675', 'data_selecionada', 'Data selecionada para agendamento', '{\"data\": \"2025-12-17\", \"data_formatada\": \"17/12/2025\"}', '187.75.21.238', 'Mozilla/5.0 (Windows NT 10.0; Win64; x64; rv:146.0) Gecko/20100101 Firefox/146.0', 'j4tifmc0qvjd2rk0srgufet651', '/sistema-ia.php', 'https://nmrefrigeracao.business/sistema-ia.php?etapa=servicos', '2025-12-16 20:11:10');
INSERT INTO `logs_sistema` (`id`, `tipo`, `mensagem`, `dados`, `ip_address`, `user_agent`, `sessao_id`, `pagina`, `referer`, `data_criacao`) VALUES ('1676', 'erro_banco', 'Falha ao buscar agendamentos com término: SQLSTATE[42S22]: Column not found: 1054 Unknown column \'a.duracao_estimada_min\' in \'field list\'', '{\"data\": \"2025-12-17\"}', '187.75.21.238', 'Mozilla/5.0 (Windows NT 10.0; Win64; x64; rv:146.0) Gecko/20100101 Firefox/146.0', 'j4tifmc0qvjd2rk0srgufet651', '/sistema-ia.php', 'https://nmrefrigeracao.business/sistema-ia.php?etapa=servicos', '2025-12-16 20:11:10');
INSERT INTO `logs_sistema` (`id`, `tipo`, `mensagem`, `dados`, `ip_address`, `user_agent`, `sessao_id`, `pagina`, `referer`, `data_criacao`) VALUES ('1677', 'janelas_geradas', 'Janelas de tempo geradas', '{\"data\": \"2025-12-17\", \"total_janelas\": 25, \"tempo_total_min\": null}', '187.75.21.238', 'Mozilla/5.0 (Windows NT 10.0; Win64; x64; rv:146.0) Gecko/20100101 Firefox/146.0', 'j4tifmc0qvjd2rk0srgufet651', '/sistema-ia.php', 'https://nmrefrigeracao.business/sistema-ia.php?etapa=servicos', '2025-12-16 20:11:10');
INSERT INTO `logs_sistema` (`id`, `tipo`, `mensagem`, `dados`, `ip_address`, `user_agent`, `sessao_id`, `pagina`, `referer`, `data_criacao`) VALUES ('1678', 'sessao', 'Conversa reiniciada pelo usuário', '{\"ip\": \"187.75.21.238\", \"sessao_nova\": \"j4tifmc0qvjd2rk0srgufet651\", \"sessao_antiga\": \"j4tifmc0qvjd2rk0srgufet651\"}', '187.75.21.238', 'Mozilla/5.0 (Windows NT 10.0; Win64; x64; rv:146.0) Gecko/20100101 Firefox/146.0', 'j4tifmc0qvjd2rk0srgufet651', '/sistema-ia.php', 'https://nmrefrigeracao.business/sistema-ia.php?etapa=servicos', '2025-12-16 20:11:20');
INSERT INTO `logs_sistema` (`id`, `tipo`, `mensagem`, `dados`, `ip_address`, `user_agent`, `sessao_id`, `pagina`, `referer`, `data_criacao`) VALUES ('1679', 'conversa_inicio', 'Nova conversa iniciada', '{\"ip\": \"187.75.21.238\", \"sessao_id\": \"j4tifmc0qvjd2rk0srgufet651\", \"user_agent\": \"Mozilla/5.0 (Windows NT 10.0; Win64; x64; rv:146.0) Gecko/20100101 Firefox/146.0\"}', '187.75.21.238', 'Mozilla/5.0 (Windows NT 10.0; Win64; x64; rv:146.0) Gecko/20100101 Firefox/146.0', 'j4tifmc0qvjd2rk0srgufet651', '/sistema-ia.php', 'https://nmrefrigeracao.business/sistema-ia.php?etapa=servicos', '2025-12-16 20:11:20');
INSERT INTO `logs_sistema` (`id`, `tipo`, `mensagem`, `dados`, `ip_address`, `user_agent`, `sessao_id`, `pagina`, `referer`, `data_criacao`) VALUES ('1680', 'servicos_carregados', 'Serviços carregados do banco', '{\"quantidade\": 5}', '187.75.21.238', 'Mozilla/5.0 (Windows NT 10.0; Win64; x64; rv:146.0) Gecko/20100101 Firefox/146.0', 'j4tifmc0qvjd2rk0srgufet651', '/sistema-ia.php', 'https://nmrefrigeracao.business/sistema-ia.php?etapa=servicos', '2025-12-16 20:11:20');
INSERT INTO `logs_sistema` (`id`, `tipo`, `mensagem`, `dados`, `ip_address`, `user_agent`, `sessao_id`, `pagina`, `referer`, `data_criacao`) VALUES ('1681', 'processamento_tentativa', 'Processando ação: iniciar', '{\"acao\": \"iniciar\", \"etapa\": 1, \"sessao\": \"j4tifmc0qvjd2rk0srgufet651\", \"resposta\": \"\"}', '187.75.21.238', 'Mozilla/5.0 (Windows NT 10.0; Win64; x64; rv:146.0) Gecko/20100101 Firefox/146.0', 'j4tifmc0qvjd2rk0srgufet651', '/sistema-ia.php', 'https://nmrefrigeracao.business/sistema-ia.php', '2025-12-16 20:11:23');
INSERT INTO `logs_sistema` (`id`, `tipo`, `mensagem`, `dados`, `ip_address`, `user_agent`, `sessao_id`, `pagina`, `referer`, `data_criacao`) VALUES ('1682', 'conversa_etapa', 'Início do agendamento', '{\"etapa\": \"inicio\", \"sessao\": \"j4tifmc0qvjd2rk0srgufet651\"}', '187.75.21.238', 'Mozilla/5.0 (Windows NT 10.0; Win64; x64; rv:146.0) Gecko/20100101 Firefox/146.0', 'j4tifmc0qvjd2rk0srgufet651', '/sistema-ia.php', 'https://nmrefrigeracao.business/sistema-ia.php', '2025-12-16 20:11:23');
INSERT INTO `logs_sistema` (`id`, `tipo`, `mensagem`, `dados`, `ip_address`, `user_agent`, `sessao_id`, `pagina`, `referer`, `data_criacao`) VALUES ('1683', 'processamento_tentativa', 'Processando ação: nome', '{\"acao\": \"nome\", \"etapa\": 1, \"sessao\": \"j4tifmc0qvjd2rk0srgufet651\", \"resposta\": \"Neltel1 Sindou1 Severi1 neto1\"}', '187.75.21.238', 'Mozilla/5.0 (Windows NT 10.0; Win64; x64; rv:146.0) Gecko/20100101 Firefox/146.0', 'j4tifmc0qvjd2rk0srgufet651', '/sistema-ia.php', 'https://nmrefrigeracao.business/sistema-ia.php', '2025-12-16 20:11:32');
INSERT INTO `logs_sistema` (`id`, `tipo`, `mensagem`, `dados`, `ip_address`, `user_agent`, `sessao_id`, `pagina`, `referer`, `data_criacao`) VALUES ('1684', 'conversa_etapa', 'Nome recebido', '{\"nome\": \"Neltel1 Sindou1 Severi1 neto1\", \"etapa\": \"nome\", \"primeiro_nome\": \"Neltel1\"}', '187.75.21.238', 'Mozilla/5.0 (Windows NT 10.0; Win64; x64; rv:146.0) Gecko/20100101 Firefox/146.0', 'j4tifmc0qvjd2rk0srgufet651', '/sistema-ia.php', 'https://nmrefrigeracao.business/sistema-ia.php', '2025-12-16 20:11:32');
INSERT INTO `logs_sistema` (`id`, `tipo`, `mensagem`, `dados`, `ip_address`, `user_agent`, `sessao_id`, `pagina`, `referer`, `data_criacao`) VALUES ('1685', 'processamento_tentativa', 'Processando ação: whatsapp', '{\"acao\": \"whatsapp\", \"etapa\": 1, \"sessao\": \"j4tifmc0qvjd2rk0srgufet651\", \"resposta\": \"(12) 3 4555-5555\"}', '187.75.21.238', 'Mozilla/5.0 (Windows NT 10.0; Win64; x64; rv:146.0) Gecko/20100101 Firefox/146.0', 'j4tifmc0qvjd2rk0srgufet651', '/sistema-ia.php', 'https://nmrefrigeracao.business/sistema-ia.php', '2025-12-16 20:11:43');
INSERT INTO `logs_sistema` (`id`, `tipo`, `mensagem`, `dados`, `ip_address`, `user_agent`, `sessao_id`, `pagina`, `referer`, `data_criacao`) VALUES ('1686', 'conversa_etapa', 'Telefone recebido', '{\"etapa\": \"whatsapp\", \"telefone_limpo\": \"12345555555\", \"cliente_existente\": true, \"telefone_formatado\": \"(12) 3 4555-5555\"}', '187.75.21.238', 'Mozilla/5.0 (Windows NT 10.0; Win64; x64; rv:146.0) Gecko/20100101 Firefox/146.0', 'j4tifmc0qvjd2rk0srgufet651', '/sistema-ia.php', 'https://nmrefrigeracao.business/sistema-ia.php', '2025-12-16 20:11:43');
INSERT INTO `logs_sistema` (`id`, `tipo`, `mensagem`, `dados`, `ip_address`, `user_agent`, `sessao_id`, `pagina`, `referer`, `data_criacao`) VALUES ('1687', 'processamento_tentativa', 'Processando ação: selecionar_servico', '{\"acao\": \"selecionar_servico\", \"etapa\": 1, \"sessao\": \"j4tifmc0qvjd2rk0srgufet651\", \"resposta\": \"Instalação de ar condicionado\"}', '187.75.21.238', 'Mozilla/5.0 (Windows NT 10.0; Win64; x64; rv:146.0) Gecko/20100101 Firefox/146.0', 'j4tifmc0qvjd2rk0srgufet651', '/sistema-ia.php', 'https://nmrefrigeracao.business/sistema-ia.php', '2025-12-16 20:11:53');
INSERT INTO `logs_sistema` (`id`, `tipo`, `mensagem`, `dados`, `ip_address`, `user_agent`, `sessao_id`, `pagina`, `referer`, `data_criacao`) VALUES ('1688', 'servico_selecionado', 'Serviço selecionado', '{\"preco\": \"350.00\", \"servico_id\": 5, \"duracao_max\": 480, \"duracao_min\": 120, \"servico_nome\": \"Instalação de ar condicionado\", \"duracao_padrao\": 240}', '187.75.21.238', 'Mozilla/5.0 (Windows NT 10.0; Win64; x64; rv:146.0) Gecko/20100101 Firefox/146.0', 'j4tifmc0qvjd2rk0srgufet651', '/sistema-ia.php', 'https://nmrefrigeracao.business/sistema-ia.php', '2025-12-16 20:11:53');
INSERT INTO `logs_sistema` (`id`, `tipo`, `mensagem`, `dados`, `ip_address`, `user_agent`, `sessao_id`, `pagina`, `referer`, `data_criacao`) VALUES ('1689', 'rate_limit_bloqueio', 'Usuário bloqueado - IP: 187.75.21.238', '{\"tipo\": \"nova_conversa\", \"limite\": 5, \"contador\": 6, \"bloqueado_ate\": \"2025-12-16 22:12:32\"}', '187.75.21.238', 'Mozilla/5.0 (Windows NT 10.0; Win64; x64; rv:146.0) Gecko/20100101 Firefox/146.0', 'j4tifmc0qvjd2rk0srgufet651', '/sistema-ia.php', 'https://nmrefrigeracao.business/sistema-ia.php', '2025-12-16 20:12:32');
INSERT INTO `logs_sistema` (`id`, `tipo`, `mensagem`, `dados`, `ip_address`, `user_agent`, `sessao_id`, `pagina`, `referer`, `data_criacao`) VALUES ('1690', 'processamento_tentativa', 'Processando ação: quantidade_equipamentos', '{\"acao\": \"quantidade_equipamentos\", \"etapa\": 1, \"sessao\": \"j4tifmc0qvjd2rk0srgufet651\", \"resposta\": \"1\"}', '187.75.21.238', 'Mozilla/5.0 (Windows NT 10.0; Win64; x64; rv:146.0) Gecko/20100101 Firefox/146.0', 'j4tifmc0qvjd2rk0srgufet651', '/sistema-ia.php', 'https://nmrefrigeracao.business/sistema-ia.php', '2025-12-16 20:12:32');
INSERT INTO `logs_sistema` (`id`, `tipo`, `mensagem`, `dados`, `ip_address`, `user_agent`, `sessao_id`, `pagina`, `referer`, `data_criacao`) VALUES ('1691', 'quantidade_adicionada', 'Quantidade de equipamentos adicionada', '{\"servico\": \"Instalação de ar condicionado\", \"subtotal\": 350, \"quantidade\": 1, \"total_valor\": 350, \"duracao_padrao\": 240, \"tempo_total_max\": 480, \"tempo_total_min\": 120, \"total_equipamentos\": 1}', '187.75.21.238', 'Mozilla/5.0 (Windows NT 10.0; Win64; x64; rv:146.0) Gecko/20100101 Firefox/146.0', 'j4tifmc0qvjd2rk0srgufet651', '/sistema-ia.php', 'https://nmrefrigeracao.business/sistema-ia.php', '2025-12-16 20:12:32');
INSERT INTO `logs_sistema` (`id`, `tipo`, `mensagem`, `dados`, `ip_address`, `user_agent`, `sessao_id`, `pagina`, `referer`, `data_criacao`) VALUES ('1692', 'rate_limit', 'Tentativa bloqueada - IP: 187.75.21.238', '{\"tipo\": \"nova_conversa\", \"contador\": 6, \"bloqueado_ate\": \"2025-12-16 22:12:32\", \"tempo_restante\": 7178}', '187.75.21.238', 'Mozilla/5.0 (Windows NT 10.0; Win64; x64; rv:146.0) Gecko/20100101 Firefox/146.0', 'j4tifmc0qvjd2rk0srgufet651', '/sistema-ia.php', 'https://nmrefrigeracao.business/sistema-ia.php', '2025-12-16 20:12:54');
INSERT INTO `logs_sistema` (`id`, `tipo`, `mensagem`, `dados`, `ip_address`, `user_agent`, `sessao_id`, `pagina`, `referer`, `data_criacao`) VALUES ('1693', 'processamento_tentativa', 'Processando ação: mais_servicos', '{\"acao\": \"mais_servicos\", \"etapa\": 1, \"sessao\": \"j4tifmc0qvjd2rk0srgufet651\", \"resposta\": \"sim\"}', '187.75.21.238', 'Mozilla/5.0 (Windows NT 10.0; Win64; x64; rv:146.0) Gecko/20100101 Firefox/146.0', 'j4tifmc0qvjd2rk0srgufet651', '/sistema-ia.php', 'https://nmrefrigeracao.business/sistema-ia.php', '2025-12-16 20:12:54');
INSERT INTO `logs_sistema` (`id`, `tipo`, `mensagem`, `dados`, `ip_address`, `user_agent`, `sessao_id`, `pagina`, `referer`, `data_criacao`) VALUES ('1694', 'rate_limit', 'Tentativa bloqueada - IP: 187.75.21.238', '{\"tipo\": \"nova_conversa\", \"contador\": 6, \"bloqueado_ate\": \"2025-12-16 22:12:32\", \"tempo_restante\": 7174}', '187.75.21.238', 'Mozilla/5.0 (Windows NT 10.0; Win64; x64; rv:146.0) Gecko/20100101 Firefox/146.0', 'j4tifmc0qvjd2rk0srgufet651', '/sistema-ia.php', 'https://nmrefrigeracao.business/sistema-ia.php', '2025-12-16 20:12:58');
INSERT INTO `logs_sistema` (`id`, `tipo`, `mensagem`, `dados`, `ip_address`, `user_agent`, `sessao_id`, `pagina`, `referer`, `data_criacao`) VALUES ('1695', 'processamento_tentativa', 'Processando ação: selecionar_servico', '{\"acao\": \"selecionar_servico\", \"etapa\": 1, \"sessao\": \"j4tifmc0qvjd2rk0srgufet651\", \"resposta\": \"Limpeza Completa (no local com bolsa coletora)\"}', '187.75.21.238', 'Mozilla/5.0 (Windows NT 10.0; Win64; x64; rv:146.0) Gecko/20100101 Firefox/146.0', 'j4tifmc0qvjd2rk0srgufet651', '/sistema-ia.php', 'https://nmrefrigeracao.business/sistema-ia.php', '2025-12-16 20:12:58');
INSERT INTO `logs_sistema` (`id`, `tipo`, `mensagem`, `dados`, `ip_address`, `user_agent`, `sessao_id`, `pagina`, `referer`, `data_criacao`) VALUES ('1696', 'servico_selecionado', 'Serviço selecionado', '{\"preco\": \"200.00\", \"servico_id\": 7, \"duracao_max\": 240, \"duracao_min\": 60, \"servico_nome\": \"Limpeza Completa (no local com bolsa coletora)\", \"duracao_padrao\": 120}', '187.75.21.238', 'Mozilla/5.0 (Windows NT 10.0; Win64; x64; rv:146.0) Gecko/20100101 Firefox/146.0', 'j4tifmc0qvjd2rk0srgufet651', '/sistema-ia.php', 'https://nmrefrigeracao.business/sistema-ia.php', '2025-12-16 20:12:58');
INSERT INTO `logs_sistema` (`id`, `tipo`, `mensagem`, `dados`, `ip_address`, `user_agent`, `sessao_id`, `pagina`, `referer`, `data_criacao`) VALUES ('1697', 'rate_limit', 'Tentativa bloqueada - IP: 187.75.21.238', '{\"tipo\": \"nova_conversa\", \"contador\": 6, \"bloqueado_ate\": \"2025-12-16 22:12:32\", \"tempo_restante\": 7168}', '187.75.21.238', 'Mozilla/5.0 (Windows NT 10.0; Win64; x64; rv:146.0) Gecko/20100101 Firefox/146.0', 'j4tifmc0qvjd2rk0srgufet651', '/sistema-ia.php', 'https://nmrefrigeracao.business/sistema-ia.php', '2025-12-16 20:13:04');
INSERT INTO `logs_sistema` (`id`, `tipo`, `mensagem`, `dados`, `ip_address`, `user_agent`, `sessao_id`, `pagina`, `referer`, `data_criacao`) VALUES ('1698', 'processamento_tentativa', 'Processando ação: quantidade_equipamentos', '{\"acao\": \"quantidade_equipamentos\", \"etapa\": 1, \"sessao\": \"j4tifmc0qvjd2rk0srgufet651\", \"resposta\": \"1\"}', '187.75.21.238', 'Mozilla/5.0 (Windows NT 10.0; Win64; x64; rv:146.0) Gecko/20100101 Firefox/146.0', 'j4tifmc0qvjd2rk0srgufet651', '/sistema-ia.php', 'https://nmrefrigeracao.business/sistema-ia.php', '2025-12-16 20:13:04');
INSERT INTO `logs_sistema` (`id`, `tipo`, `mensagem`, `dados`, `ip_address`, `user_agent`, `sessao_id`, `pagina`, `referer`, `data_criacao`) VALUES ('1699', 'quantidade_adicionada', 'Quantidade de equipamentos adicionada', '{\"servico\": \"Limpeza Completa (no local com bolsa coletora)\", \"subtotal\": 200, \"quantidade\": 1, \"total_valor\": 550, \"duracao_padrao\": 120, \"tempo_total_max\": 720, \"tempo_total_min\": 180, \"total_equipamentos\": 2}', '187.75.21.238', 'Mozilla/5.0 (Windows NT 10.0; Win64; x64; rv:146.0) Gecko/20100101 Firefox/146.0', 'j4tifmc0qvjd2rk0srgufet651', '/sistema-ia.php', 'https://nmrefrigeracao.business/sistema-ia.php', '2025-12-16 20:13:04');
INSERT INTO `logs_sistema` (`id`, `tipo`, `mensagem`, `dados`, `ip_address`, `user_agent`, `sessao_id`, `pagina`, `referer`, `data_criacao`) VALUES ('1700', 'rate_limit', 'Tentativa bloqueada - IP: 187.75.21.238', '{\"tipo\": \"nova_conversa\", \"contador\": 6, \"bloqueado_ate\": \"2025-12-16 22:12:32\", \"tempo_restante\": 7153}', '187.75.21.238', 'Mozilla/5.0 (Windows NT 10.0; Win64; x64; rv:146.0) Gecko/20100101 Firefox/146.0', 'j4tifmc0qvjd2rk0srgufet651', '/sistema-ia.php', 'https://nmrefrigeracao.business/sistema-ia.php', '2025-12-16 20:13:19');
INSERT INTO `logs_sistema` (`id`, `tipo`, `mensagem`, `dados`, `ip_address`, `user_agent`, `sessao_id`, `pagina`, `referer`, `data_criacao`) VALUES ('1701', 'processamento_tentativa', 'Processando ação: mais_servicos', '{\"acao\": \"mais_servicos\", \"etapa\": 1, \"sessao\": \"j4tifmc0qvjd2rk0srgufet651\", \"resposta\": \"nao\"}', '187.75.21.238', 'Mozilla/5.0 (Windows NT 10.0; Win64; x64; rv:146.0) Gecko/20100101 Firefox/146.0', 'j4tifmc0qvjd2rk0srgufet651', '/sistema-ia.php', 'https://nmrefrigeracao.business/sistema-ia.php', '2025-12-16 20:13:19');
INSERT INTO `logs_sistema` (`id`, `tipo`, `mensagem`, `dados`, `ip_address`, `user_agent`, `sessao_id`, `pagina`, `referer`, `data_criacao`) VALUES ('1702', 'rate_limit', 'Tentativa bloqueada - IP: 187.75.21.238', '{\"tipo\": \"nova_conversa\", \"contador\": 6, \"bloqueado_ate\": \"2025-12-16 22:12:32\", \"tempo_restante\": 7108}', '187.75.21.238', 'Mozilla/5.0 (Windows NT 10.0; Win64; x64; rv:146.0) Gecko/20100101 Firefox/146.0', 'j4tifmc0qvjd2rk0srgufet651', '/sistema-ia.php', 'https://nmrefrigeracao.business/sistema-ia.php', '2025-12-16 20:14:04');
INSERT INTO `logs_sistema` (`id`, `tipo`, `mensagem`, `dados`, `ip_address`, `user_agent`, `sessao_id`, `pagina`, `referer`, `data_criacao`) VALUES ('1703', 'processamento_tentativa', 'Processando ação: btu_equipamento', '{\"acao\": \"btu_equipamento\", \"etapa\": 1, \"sessao\": \"j4tifmc0qvjd2rk0srgufet651\", \"resposta\": \"12000\"}', '187.75.21.238', 'Mozilla/5.0 (Windows NT 10.0; Win64; x64; rv:146.0) Gecko/20100101 Firefox/146.0', 'j4tifmc0qvjd2rk0srgufet651', '/sistema-ia.php', 'https://nmrefrigeracao.business/sistema-ia.php', '2025-12-16 20:14:04');
INSERT INTO `logs_sistema` (`id`, `tipo`, `mensagem`, `dados`, `ip_address`, `user_agent`, `sessao_id`, `pagina`, `referer`, `data_criacao`) VALUES ('1704', 'btu_adicionado', 'BTU adicionado para equipamento', '{\"btu\": \"12000\", \"servico_id\": 5, \"servico_nome\": \"Instalação de ar condicionado\", \"equipamento_num\": 1, \"total_equipamentos_servico\": 1}', '187.75.21.238', 'Mozilla/5.0 (Windows NT 10.0; Win64; x64; rv:146.0) Gecko/20100101 Firefox/146.0', 'j4tifmc0qvjd2rk0srgufet651', '/sistema-ia.php', 'https://nmrefrigeracao.business/sistema-ia.php', '2025-12-16 20:14:04');
INSERT INTO `logs_sistema` (`id`, `tipo`, `mensagem`, `dados`, `ip_address`, `user_agent`, `sessao_id`, `pagina`, `referer`, `data_criacao`) VALUES ('1705', 'rate_limit', 'Tentativa bloqueada - IP: 187.75.21.238', '{\"tipo\": \"nova_conversa\", \"contador\": 6, \"bloqueado_ate\": \"2025-12-16 22:12:32\", \"tempo_restante\": 7099}', '187.75.21.238', 'Mozilla/5.0 (Windows NT 10.0; Win64; x64; rv:146.0) Gecko/20100101 Firefox/146.0', 'j4tifmc0qvjd2rk0srgufet651', '/sistema-ia.php', 'https://nmrefrigeracao.business/sistema-ia.php', '2025-12-16 20:14:13');
INSERT INTO `logs_sistema` (`id`, `tipo`, `mensagem`, `dados`, `ip_address`, `user_agent`, `sessao_id`, `pagina`, `referer`, `data_criacao`) VALUES ('1706', 'processamento_tentativa', 'Processando ação: btu_equipamento', '{\"acao\": \"btu_equipamento\", \"etapa\": 1, \"sessao\": \"j4tifmc0qvjd2rk0srgufet651\", \"resposta\": \"32000\"}', '187.75.21.238', 'Mozilla/5.0 (Windows NT 10.0; Win64; x64; rv:146.0) Gecko/20100101 Firefox/146.0', 'j4tifmc0qvjd2rk0srgufet651', '/sistema-ia.php', 'https://nmrefrigeracao.business/sistema-ia.php', '2025-12-16 20:14:13');
INSERT INTO `logs_sistema` (`id`, `tipo`, `mensagem`, `dados`, `ip_address`, `user_agent`, `sessao_id`, `pagina`, `referer`, `data_criacao`) VALUES ('1707', 'btu_adicionado', 'BTU adicionado para equipamento', '{\"btu\": \"32000\", \"servico_id\": 7, \"servico_nome\": \"Limpeza Completa (no local com bolsa coletora)\", \"equipamento_num\": 1, \"total_equipamentos_servico\": 1}', '187.75.21.238', 'Mozilla/5.0 (Windows NT 10.0; Win64; x64; rv:146.0) Gecko/20100101 Firefox/146.0', 'j4tifmc0qvjd2rk0srgufet651', '/sistema-ia.php', 'https://nmrefrigeracao.business/sistema-ia.php', '2025-12-16 20:14:13');
INSERT INTO `logs_sistema` (`id`, `tipo`, `mensagem`, `dados`, `ip_address`, `user_agent`, `sessao_id`, `pagina`, `referer`, `data_criacao`) VALUES ('1708', 'rate_limit', 'Tentativa bloqueada - IP: 187.75.21.238', '{\"tipo\": \"nova_conversa\", \"contador\": 6, \"bloqueado_ate\": \"2025-12-16 22:12:32\", \"tempo_restante\": 7077}', '187.75.21.238', 'Mozilla/5.0 (Windows NT 10.0; Win64; x64; rv:146.0) Gecko/20100101 Firefox/146.0', 'j4tifmc0qvjd2rk0srgufet651', '/sistema-ia.php', 'https://nmrefrigeracao.business/sistema-ia.php', '2025-12-16 20:14:35');
INSERT INTO `logs_sistema` (`id`, `tipo`, `mensagem`, `dados`, `ip_address`, `user_agent`, `sessao_id`, `pagina`, `referer`, `data_criacao`) VALUES ('1709', 'processamento_tentativa', 'Processando ação: endereco', '{\"acao\": \"endereco\", \"etapa\": 1, \"sessao\": \"j4tifmc0qvjd2rk0srgufet651\", \"resposta\": \"\"}', '187.75.21.238', 'Mozilla/5.0 (Windows NT 10.0; Win64; x64; rv:146.0) Gecko/20100101 Firefox/146.0', 'j4tifmc0qvjd2rk0srgufet651', '/sistema-ia.php', 'https://nmrefrigeracao.business/sistema-ia.php', '2025-12-16 20:14:35');
INSERT INTO `logs_sistema` (`id`, `tipo`, `mensagem`, `dados`, `ip_address`, `user_agent`, `sessao_id`, `pagina`, `referer`, `data_criacao`) VALUES ('1710', 'endereco_recebido', 'Endereço completo recebido', '{\"etapa\": \"endereco\", \"endereco\": \"rua, n - bairro, cidade\"}', '187.75.21.238', 'Mozilla/5.0 (Windows NT 10.0; Win64; x64; rv:146.0) Gecko/20100101 Firefox/146.0', 'j4tifmc0qvjd2rk0srgufet651', '/sistema-ia.php', 'https://nmrefrigeracao.business/sistema-ia.php', '2025-12-16 20:14:35');
INSERT INTO `logs_sistema` (`id`, `tipo`, `mensagem`, `dados`, `ip_address`, `user_agent`, `sessao_id`, `pagina`, `referer`, `data_criacao`) VALUES ('1711', 'erro_banco', 'Falha ao buscar agendamentos com término: SQLSTATE[42S22]: Column not found: 1054 Unknown column \'a.duracao_estimada_min\' in \'field list\'', '{\"data\": \"2025-12-17\"}', '187.75.21.238', 'Mozilla/5.0 (Windows NT 10.0; Win64; x64; rv:146.0) Gecko/20100101 Firefox/146.0', 'j4tifmc0qvjd2rk0srgufet651', '/sistema-ia.php', 'https://nmrefrigeracao.business/sistema-ia.php', '2025-12-16 20:14:36');
INSERT INTO `logs_sistema` (`id`, `tipo`, `mensagem`, `dados`, `ip_address`, `user_agent`, `sessao_id`, `pagina`, `referer`, `data_criacao`) VALUES ('1712', 'erro_banco', 'Falha ao buscar agendamentos com término: SQLSTATE[42S22]: Column not found: 1054 Unknown column \'a.duracao_estimada_min\' in \'field list\'', '{\"data\": \"2025-12-18\"}', '187.75.21.238', 'Mozilla/5.0 (Windows NT 10.0; Win64; x64; rv:146.0) Gecko/20100101 Firefox/146.0', 'j4tifmc0qvjd2rk0srgufet651', '/sistema-ia.php', 'https://nmrefrigeracao.business/sistema-ia.php', '2025-12-16 20:14:36');
INSERT INTO `logs_sistema` (`id`, `tipo`, `mensagem`, `dados`, `ip_address`, `user_agent`, `sessao_id`, `pagina`, `referer`, `data_criacao`) VALUES ('1713', 'erro_banco', 'Falha ao buscar agendamentos com término: SQLSTATE[42S22]: Column not found: 1054 Unknown column \'a.duracao_estimada_min\' in \'field list\'', '{\"data\": \"2025-12-19\"}', '187.75.21.238', 'Mozilla/5.0 (Windows NT 10.0; Win64; x64; rv:146.0) Gecko/20100101 Firefox/146.0', 'j4tifmc0qvjd2rk0srgufet651', '/sistema-ia.php', 'https://nmrefrigeracao.business/sistema-ia.php', '2025-12-16 20:14:36');
INSERT INTO `logs_sistema` (`id`, `tipo`, `mensagem`, `dados`, `ip_address`, `user_agent`, `sessao_id`, `pagina`, `referer`, `data_criacao`) VALUES ('1714', 'erro_banco', 'Falha ao buscar agendamentos com término: SQLSTATE[42S22]: Column not found: 1054 Unknown column \'a.duracao_estimada_min\' in \'field list\'', '{\"data\": \"2025-12-20\"}', '187.75.21.238', 'Mozilla/5.0 (Windows NT 10.0; Win64; x64; rv:146.0) Gecko/20100101 Firefox/146.0', 'j4tifmc0qvjd2rk0srgufet651', '/sistema-ia.php', 'https://nmrefrigeracao.business/sistema-ia.php', '2025-12-16 20:14:36');
INSERT INTO `logs_sistema` (`id`, `tipo`, `mensagem`, `dados`, `ip_address`, `user_agent`, `sessao_id`, `pagina`, `referer`, `data_criacao`) VALUES ('1715', 'erro_banco', 'Falha ao buscar agendamentos com término: SQLSTATE[42S22]: Column not found: 1054 Unknown column \'a.duracao_estimada_min\' in \'field list\'', '{\"data\": \"2025-12-21\"}', '187.75.21.238', 'Mozilla/5.0 (Windows NT 10.0; Win64; x64; rv:146.0) Gecko/20100101 Firefox/146.0', 'j4tifmc0qvjd2rk0srgufet651', '/sistema-ia.php', 'https://nmrefrigeracao.business/sistema-ia.php', '2025-12-16 20:14:36');
INSERT INTO `logs_sistema` (`id`, `tipo`, `mensagem`, `dados`, `ip_address`, `user_agent`, `sessao_id`, `pagina`, `referer`, `data_criacao`) VALUES ('1716', 'erro_banco', 'Falha ao buscar agendamentos com término: SQLSTATE[42S22]: Column not found: 1054 Unknown column \'a.duracao_estimada_min\' in \'field list\'', '{\"data\": \"2025-12-22\"}', '187.75.21.238', 'Mozilla/5.0 (Windows NT 10.0; Win64; x64; rv:146.0) Gecko/20100101 Firefox/146.0', 'j4tifmc0qvjd2rk0srgufet651', '/sistema-ia.php', 'https://nmrefrigeracao.business/sistema-ia.php', '2025-12-16 20:14:36');
INSERT INTO `logs_sistema` (`id`, `tipo`, `mensagem`, `dados`, `ip_address`, `user_agent`, `sessao_id`, `pagina`, `referer`, `data_criacao`) VALUES ('1717', 'erro_banco', 'Falha ao buscar agendamentos com término: SQLSTATE[42S22]: Column not found: 1054 Unknown column \'a.duracao_estimada_min\' in \'field list\'', '{\"data\": \"2025-12-23\"}', '187.75.21.238', 'Mozilla/5.0 (Windows NT 10.0; Win64; x64; rv:146.0) Gecko/20100101 Firefox/146.0', 'j4tifmc0qvjd2rk0srgufet651', '/sistema-ia.php', 'https://nmrefrigeracao.business/sistema-ia.php', '2025-12-16 20:14:36');
INSERT INTO `logs_sistema` (`id`, `tipo`, `mensagem`, `dados`, `ip_address`, `user_agent`, `sessao_id`, `pagina`, `referer`, `data_criacao`) VALUES ('1718', 'erro_banco', 'Falha ao buscar agendamentos com término: SQLSTATE[42S22]: Column not found: 1054 Unknown column \'a.duracao_estimada_min\' in \'field list\'', '{\"data\": \"2025-12-24\"}', '187.75.21.238', 'Mozilla/5.0 (Windows NT 10.0; Win64; x64; rv:146.0) Gecko/20100101 Firefox/146.0', 'j4tifmc0qvjd2rk0srgufet651', '/sistema-ia.php', 'https://nmrefrigeracao.business/sistema-ia.php', '2025-12-16 20:14:36');
INSERT INTO `logs_sistema` (`id`, `tipo`, `mensagem`, `dados`, `ip_address`, `user_agent`, `sessao_id`, `pagina`, `referer`, `data_criacao`) VALUES ('1719', 'erro_banco', 'Falha ao buscar agendamentos com término: SQLSTATE[42S22]: Column not found: 1054 Unknown column \'a.duracao_estimada_min\' in \'field list\'', '{\"data\": \"2025-12-25\"}', '187.75.21.238', 'Mozilla/5.0 (Windows NT 10.0; Win64; x64; rv:146.0) Gecko/20100101 Firefox/146.0', 'j4tifmc0qvjd2rk0srgufet651', '/sistema-ia.php', 'https://nmrefrigeracao.business/sistema-ia.php', '2025-12-16 20:14:36');
INSERT INTO `logs_sistema` (`id`, `tipo`, `mensagem`, `dados`, `ip_address`, `user_agent`, `sessao_id`, `pagina`, `referer`, `data_criacao`) VALUES ('1720', 'erro_banco', 'Falha ao buscar agendamentos com término: SQLSTATE[42S22]: Column not found: 1054 Unknown column \'a.duracao_estimada_min\' in \'field list\'', '{\"data\": \"2025-12-26\"}', '187.75.21.238', 'Mozilla/5.0 (Windows NT 10.0; Win64; x64; rv:146.0) Gecko/20100101 Firefox/146.0', 'j4tifmc0qvjd2rk0srgufet651', '/sistema-ia.php', 'https://nmrefrigeracao.business/sistema-ia.php', '2025-12-16 20:14:36');
INSERT INTO `logs_sistema` (`id`, `tipo`, `mensagem`, `dados`, `ip_address`, `user_agent`, `sessao_id`, `pagina`, `referer`, `data_criacao`) VALUES ('1721', 'erro_banco', 'Falha ao buscar agendamentos com término: SQLSTATE[42S22]: Column not found: 1054 Unknown column \'a.duracao_estimada_min\' in \'field list\'', '{\"data\": \"2025-12-27\"}', '187.75.21.238', 'Mozilla/5.0 (Windows NT 10.0; Win64; x64; rv:146.0) Gecko/20100101 Firefox/146.0', 'j4tifmc0qvjd2rk0srgufet651', '/sistema-ia.php', 'https://nmrefrigeracao.business/sistema-ia.php', '2025-12-16 20:14:36');
INSERT INTO `logs_sistema` (`id`, `tipo`, `mensagem`, `dados`, `ip_address`, `user_agent`, `sessao_id`, `pagina`, `referer`, `data_criacao`) VALUES ('1722', 'erro_banco', 'Falha ao buscar agendamentos com término: SQLSTATE[42S22]: Column not found: 1054 Unknown column \'a.duracao_estimada_min\' in \'field list\'', '{\"data\": \"2025-12-28\"}', '187.75.21.238', 'Mozilla/5.0 (Windows NT 10.0; Win64; x64; rv:146.0) Gecko/20100101 Firefox/146.0', 'j4tifmc0qvjd2rk0srgufet651', '/sistema-ia.php', 'https://nmrefrigeracao.business/sistema-ia.php', '2025-12-16 20:14:36');
INSERT INTO `logs_sistema` (`id`, `tipo`, `mensagem`, `dados`, `ip_address`, `user_agent`, `sessao_id`, `pagina`, `referer`, `data_criacao`) VALUES ('1723', 'erro_banco', 'Falha ao buscar agendamentos com término: SQLSTATE[42S22]: Column not found: 1054 Unknown column \'a.duracao_estimada_min\' in \'field list\'', '{\"data\": \"2025-12-29\"}', '187.75.21.238', 'Mozilla/5.0 (Windows NT 10.0; Win64; x64; rv:146.0) Gecko/20100101 Firefox/146.0', 'j4tifmc0qvjd2rk0srgufet651', '/sistema-ia.php', 'https://nmrefrigeracao.business/sistema-ia.php', '2025-12-16 20:14:36');
INSERT INTO `logs_sistema` (`id`, `tipo`, `mensagem`, `dados`, `ip_address`, `user_agent`, `sessao_id`, `pagina`, `referer`, `data_criacao`) VALUES ('1724', 'erro_banco', 'Falha ao buscar agendamentos com término: SQLSTATE[42S22]: Column not found: 1054 Unknown column \'a.duracao_estimada_min\' in \'field list\'', '{\"data\": \"2025-12-30\"}', '187.75.21.238', 'Mozilla/5.0 (Windows NT 10.0; Win64; x64; rv:146.0) Gecko/20100101 Firefox/146.0', 'j4tifmc0qvjd2rk0srgufet651', '/sistema-ia.php', 'https://nmrefrigeracao.business/sistema-ia.php', '2025-12-16 20:14:36');
INSERT INTO `logs_sistema` (`id`, `tipo`, `mensagem`, `dados`, `ip_address`, `user_agent`, `sessao_id`, `pagina`, `referer`, `data_criacao`) VALUES ('1725', 'datas_geradas', 'Datas com janelas disponíveis geradas', '{\"tempo_total_min\": 720, \"total_disponiveis\": 14, \"total_verificadas\": 14}', '187.75.21.238', 'Mozilla/5.0 (Windows NT 10.0; Win64; x64; rv:146.0) Gecko/20100101 Firefox/146.0', 'j4tifmc0qvjd2rk0srgufet651', '/sistema-ia.php', 'https://nmrefrigeracao.business/sistema-ia.php', '2025-12-16 20:14:36');
INSERT INTO `logs_sistema` (`id`, `tipo`, `mensagem`, `dados`, `ip_address`, `user_agent`, `sessao_id`, `pagina`, `referer`, `data_criacao`) VALUES ('1726', 'rate_limit', 'Tentativa bloqueada - IP: 187.75.21.238', '{\"tipo\": \"nova_conversa\", \"contador\": 6, \"bloqueado_ate\": \"2025-12-16 22:12:32\", \"tempo_restante\": 7071}', '187.75.21.238', 'Mozilla/5.0 (Windows NT 10.0; Win64; x64; rv:146.0) Gecko/20100101 Firefox/146.0', 'j4tifmc0qvjd2rk0srgufet651', '/sistema-ia.php', 'https://nmrefrigeracao.business/sistema-ia.php', '2025-12-16 20:14:41');
INSERT INTO `logs_sistema` (`id`, `tipo`, `mensagem`, `dados`, `ip_address`, `user_agent`, `sessao_id`, `pagina`, `referer`, `data_criacao`) VALUES ('1727', 'processamento_tentativa', 'Processando ação: selecionar_data', '{\"acao\": \"selecionar_data\", \"etapa\": 1, \"sessao\": \"j4tifmc0qvjd2rk0srgufet651\", \"resposta\": \"2025-12-20\"}', '187.75.21.238', 'Mozilla/5.0 (Windows NT 10.0; Win64; x64; rv:146.0) Gecko/20100101 Firefox/146.0', 'j4tifmc0qvjd2rk0srgufet651', '/sistema-ia.php', 'https://nmrefrigeracao.business/sistema-ia.php', '2025-12-16 20:14:41');
INSERT INTO `logs_sistema` (`id`, `tipo`, `mensagem`, `dados`, `ip_address`, `user_agent`, `sessao_id`, `pagina`, `referer`, `data_criacao`) VALUES ('1728', 'data_selecionada', 'Data selecionada para agendamento', '{\"data\": \"2025-12-20\", \"data_formatada\": \"20/12/2025\"}', '187.75.21.238', 'Mozilla/5.0 (Windows NT 10.0; Win64; x64; rv:146.0) Gecko/20100101 Firefox/146.0', 'j4tifmc0qvjd2rk0srgufet651', '/sistema-ia.php', 'https://nmrefrigeracao.business/sistema-ia.php', '2025-12-16 20:14:41');
INSERT INTO `logs_sistema` (`id`, `tipo`, `mensagem`, `dados`, `ip_address`, `user_agent`, `sessao_id`, `pagina`, `referer`, `data_criacao`) VALUES ('1729', 'erro_banco', 'Falha ao buscar agendamentos com término: SQLSTATE[42S22]: Column not found: 1054 Unknown column \'a.duracao_estimada_min\' in \'field list\'', '{\"data\": \"2025-12-20\"}', '187.75.21.238', 'Mozilla/5.0 (Windows NT 10.0; Win64; x64; rv:146.0) Gecko/20100101 Firefox/146.0', 'j4tifmc0qvjd2rk0srgufet651', '/sistema-ia.php', 'https://nmrefrigeracao.business/sistema-ia.php', '2025-12-16 20:14:41');
INSERT INTO `logs_sistema` (`id`, `tipo`, `mensagem`, `dados`, `ip_address`, `user_agent`, `sessao_id`, `pagina`, `referer`, `data_criacao`) VALUES ('1730', 'janelas_geradas', 'Janelas de tempo geradas', '{\"data\": \"2025-12-20\", \"total_janelas\": 1, \"tempo_total_min\": 720}', '187.75.21.238', 'Mozilla/5.0 (Windows NT 10.0; Win64; x64; rv:146.0) Gecko/20100101 Firefox/146.0', 'j4tifmc0qvjd2rk0srgufet651', '/sistema-ia.php', 'https://nmrefrigeracao.business/sistema-ia.php', '2025-12-16 20:14:41');
INSERT INTO `logs_sistema` (`id`, `tipo`, `mensagem`, `dados`, `ip_address`, `user_agent`, `sessao_id`, `pagina`, `referer`, `data_criacao`) VALUES ('1731', 'rate_limit', 'Tentativa bloqueada - IP: 187.75.21.238', '{\"tipo\": \"nova_conversa\", \"contador\": 6, \"bloqueado_ate\": \"2025-12-16 22:12:32\", \"tempo_restante\": 7023}', '187.75.21.238', 'Mozilla/5.0 (Windows NT 10.0; Win64; x64; rv:146.0) Gecko/20100101 Firefox/146.0', 'j4tifmc0qvjd2rk0srgufet651', '/sistema-ia.php', 'https://nmrefrigeracao.business/sistema-ia.php', '2025-12-16 20:15:29');
INSERT INTO `logs_sistema` (`id`, `tipo`, `mensagem`, `dados`, `ip_address`, `user_agent`, `sessao_id`, `pagina`, `referer`, `data_criacao`) VALUES ('1732', 'processamento_tentativa', 'Processando ação: selecionar_horario', '{\"acao\": \"selecionar_horario\", \"etapa\": 1, \"sessao\": \"j4tifmc0qvjd2rk0srgufet651\", \"resposta\": \"08:00 até 20:00\"}', '187.75.21.238', 'Mozilla/5.0 (Windows NT 10.0; Win64; x64; rv:146.0) Gecko/20100101 Firefox/146.0', 'j4tifmc0qvjd2rk0srgufet651', '/sistema-ia.php', 'https://nmrefrigeracao.business/sistema-ia.php', '2025-12-16 20:15:29');
INSERT INTO `logs_sistema` (`id`, `tipo`, `mensagem`, `dados`, `ip_address`, `user_agent`, `sessao_id`, `pagina`, `referer`, `data_criacao`) VALUES ('1733', 'horario_selecionado', 'Janela de horário selecionada', '{\"data\": \"2025-12-20\", \"janela\": \"08:00 até 20:00\", \"hora_inicio\": \"08:00\"}', '187.75.21.238', 'Mozilla/5.0 (Windows NT 10.0; Win64; x64; rv:146.0) Gecko/20100101 Firefox/146.0', 'j4tifmc0qvjd2rk0srgufet651', '/sistema-ia.php', 'https://nmrefrigeracao.business/sistema-ia.php', '2025-12-16 20:15:29');
INSERT INTO `logs_sistema` (`id`, `tipo`, `mensagem`, `dados`, `ip_address`, `user_agent`, `sessao_id`, `pagina`, `referer`, `data_criacao`) VALUES ('1734', 'resumo_mostrado', 'Resumo do agendamento mostrado ao usuário', '{\"cliente\": \"Neltel1 Sindou1 Severi1 neto1\", \"valor_total\": 550, \"janela_tempo\": \"08:00 até 20:00\", \"total_servicos\": 2, \"tempo_total_max\": 720, \"tempo_total_min\": 360}', '187.75.21.238', 'Mozilla/5.0 (Windows NT 10.0; Win64; x64; rv:146.0) Gecko/20100101 Firefox/146.0', 'j4tifmc0qvjd2rk0srgufet651', '/sistema-ia.php', 'https://nmrefrigeracao.business/sistema-ia.php', '2025-12-16 20:15:29');
INSERT INTO `logs_sistema` (`id`, `tipo`, `mensagem`, `dados`, `ip_address`, `user_agent`, `sessao_id`, `pagina`, `referer`, `data_criacao`) VALUES ('1735', 'rate_limit', 'Tentativa bloqueada - IP: 187.75.21.238', '{\"tipo\": \"nova_conversa\", \"contador\": 6, \"bloqueado_ate\": \"2025-12-16 22:12:32\", \"tempo_restante\": 6899}', '187.75.21.238', 'Mozilla/5.0 (Windows NT 10.0; Win64; x64; rv:146.0) Gecko/20100101 Firefox/146.0', 'j4tifmc0qvjd2rk0srgufet651', '/sistema-ia.php', 'https://nmrefrigeracao.business/sistema-ia.php', '2025-12-16 20:17:33');
INSERT INTO `logs_sistema` (`id`, `tipo`, `mensagem`, `dados`, `ip_address`, `user_agent`, `sessao_id`, `pagina`, `referer`, `data_criacao`) VALUES ('1736', 'processamento_tentativa', 'Processando ação: confirmar_resumo', '{\"acao\": \"confirmar_resumo\", \"etapa\": 1, \"sessao\": \"j4tifmc0qvjd2rk0srgufet651\", \"resposta\": \"sim\"}', '187.75.21.238', 'Mozilla/5.0 (Windows NT 10.0; Win64; x64; rv:146.0) Gecko/20100101 Firefox/146.0', 'j4tifmc0qvjd2rk0srgufet651', '/sistema-ia.php', 'https://nmrefrigeracao.business/sistema-ia.php', '2025-12-16 20:17:33');
INSERT INTO `logs_sistema` (`id`, `tipo`, `mensagem`, `dados`, `ip_address`, `user_agent`, `sessao_id`, `pagina`, `referer`, `data_criacao`) VALUES ('1737', 'salvamento_inicio', 'Iniciando salvamento do agendamento', '{\"data\": \"2025-12-20\", \"cliente\": \"Neltel1 Sindou1 Severi1 neto1\", \"hora_inicio\": \"08:00\", \"janela_tempo\": \"08:00 até 20:00\", \"total_servicos\": 2, \"tempo_total_max\": 720, \"tempo_total_min\": 360}', '187.75.21.238', 'Mozilla/5.0 (Windows NT 10.0; Win64; x64; rv:146.0) Gecko/20100101 Firefox/146.0', 'j4tifmc0qvjd2rk0srgufet651', '/sistema-ia.php', 'https://nmrefrigeracao.business/sistema-ia.php', '2025-12-16 20:17:33');
INSERT INTO `logs_sistema` (`id`, `tipo`, `mensagem`, `dados`, `ip_address`, `user_agent`, `sessao_id`, `pagina`, `referer`, `data_criacao`) VALUES ('1738', 'erro_banco', 'Falha ao buscar agendamentos com término: SQLSTATE[42S22]: Column not found: 1054 Unknown column \'a.duracao_estimada_min\' in \'field list\'', '{\"data\": \"2025-12-20\"}', '187.75.21.238', 'Mozilla/5.0 (Windows NT 10.0; Win64; x64; rv:146.0) Gecko/20100101 Firefox/146.0', 'j4tifmc0qvjd2rk0srgufet651', '/sistema-ia.php', 'https://nmrefrigeracao.business/sistema-ia.php', '2025-12-16 20:17:33');
INSERT INTO `logs_sistema` (`id`, `tipo`, `mensagem`, `dados`, `ip_address`, `user_agent`, `sessao_id`, `pagina`, `referer`, `data_criacao`) VALUES ('1741', 'agendamento_erro', 'Erro ao salvar agendamento: SQLSTATE[42S22]: Column not found: 1054 Unknown column \'duracao_estimada_min\' in \'field list\'', '{\"erro\": \"SQLSTATE[42S22]: Column not found: 1054 Unknown column \'duracao_estimada_min\' in \'field list\'\", \"trace\": \"#0 /home/nmrefrig/domains/nmrefrigeracao.business/private_html/sistema-ia.php(2155): PDOStatement->execute()\\n#1 /home/nmrefrig/domains/nmrefrigeracao.business/private_html/sistema-ia.php(1413): salvarAgendamento()\\n#2 /home/nmrefrig/domains/nmrefrigeracao.business/private_html/sistema-ia.php(987): processarRespostaSimples()\\n#3 {main}\", \"cliente\": \"Neltel1 Sindou1 Severi1 neto1\", \"telefone\": \"12345555555\"}', '187.75.21.238', 'Mozilla/5.0 (Windows NT 10.0; Win64; x64; rv:146.0) Gecko/20100101 Firefox/146.0', 'j4tifmc0qvjd2rk0srgufet651', '/sistema-ia.php', 'https://nmrefrigeracao.business/sistema-ia.php', '2025-12-16 20:17:33');
INSERT INTO `logs_sistema` (`id`, `tipo`, `mensagem`, `dados`, `ip_address`, `user_agent`, `sessao_id`, `pagina`, `referer`, `data_criacao`) VALUES ('1742', 'rate_limit', 'Tentativa bloqueada - IP: 187.75.21.238', '{\"tipo\": \"nova_conversa\", \"contador\": 6, \"bloqueado_ate\": \"2025-12-16 22:12:32\", \"tempo_restante\": 6814}', '187.75.21.238', 'Mozilla/5.0 (Windows NT 10.0; Win64; x64; rv:146.0) Gecko/20100101 Firefox/146.0', 'j4tifmc0qvjd2rk0srgufet651', '/sistema-ia.php', 'https://nmrefrigeracao.business/sistema-ia.php', '2025-12-16 20:18:58');
INSERT INTO `logs_sistema` (`id`, `tipo`, `mensagem`, `dados`, `ip_address`, `user_agent`, `sessao_id`, `pagina`, `referer`, `data_criacao`) VALUES ('1743', 'processamento_tentativa', 'Processando ação: confirmar_resumo', '{\"acao\": \"confirmar_resumo\", \"etapa\": 1, \"sessao\": \"j4tifmc0qvjd2rk0srgufet651\", \"resposta\": \"sim\"}', '187.75.21.238', 'Mozilla/5.0 (Windows NT 10.0; Win64; x64; rv:146.0) Gecko/20100101 Firefox/146.0', 'j4tifmc0qvjd2rk0srgufet651', '/sistema-ia.php', 'https://nmrefrigeracao.business/sistema-ia.php', '2025-12-16 20:18:58');
INSERT INTO `logs_sistema` (`id`, `tipo`, `mensagem`, `dados`, `ip_address`, `user_agent`, `sessao_id`, `pagina`, `referer`, `data_criacao`) VALUES ('1744', 'salvamento_inicio', 'Iniciando salvamento do agendamento', '{\"data\": \"2025-12-20\", \"cliente\": \"Neltel1 Sindou1 Severi1 neto1\", \"hora_inicio\": \"08:00\", \"janela_tempo\": \"08:00 até 20:00\", \"total_servicos\": 2, \"tempo_total_max\": 720, \"tempo_total_min\": 360}', '187.75.21.238', 'Mozilla/5.0 (Windows NT 10.0; Win64; x64; rv:146.0) Gecko/20100101 Firefox/146.0', 'j4tifmc0qvjd2rk0srgufet651', '/sistema-ia.php', 'https://nmrefrigeracao.business/sistema-ia.php', '2025-12-16 20:18:58');
INSERT INTO `logs_sistema` (`id`, `tipo`, `mensagem`, `dados`, `ip_address`, `user_agent`, `sessao_id`, `pagina`, `referer`, `data_criacao`) VALUES ('1745', 'rate_limit', 'Tentativa bloqueada - IP: 187.75.21.238', '{\"tipo\": \"nova_conversa\", \"contador\": 6, \"bloqueado_ate\": \"2025-12-16 22:12:32\", \"tempo_restante\": 6810}', '187.75.21.238', 'Mozilla/5.0 (Windows NT 10.0; Win64; x64; rv:146.0) Gecko/20100101 Firefox/146.0', 'j4tifmc0qvjd2rk0srgufet651', '/sistema-ia.php', 'https://nmrefrigeracao.business/sistema-ia.php', '2025-12-16 20:19:02');
INSERT INTO `logs_sistema` (`id`, `tipo`, `mensagem`, `dados`, `ip_address`, `user_agent`, `sessao_id`, `pagina`, `referer`, `data_criacao`) VALUES ('1746', 'processamento_tentativa', 'Processando ação: confirmar_resumo', '{\"acao\": \"confirmar_resumo\", \"etapa\": 1, \"sessao\": \"j4tifmc0qvjd2rk0srgufet651\", \"resposta\": \"sim\"}', '187.75.21.238', 'Mozilla/5.0 (Windows NT 10.0; Win64; x64; rv:146.0) Gecko/20100101 Firefox/146.0', 'j4tifmc0qvjd2rk0srgufet651', '/sistema-ia.php', 'https://nmrefrigeracao.business/sistema-ia.php', '2025-12-16 20:19:02');
INSERT INTO `logs_sistema` (`id`, `tipo`, `mensagem`, `dados`, `ip_address`, `user_agent`, `sessao_id`, `pagina`, `referer`, `data_criacao`) VALUES ('1747', 'salvamento_inicio', 'Iniciando salvamento do agendamento', '{\"data\": \"2025-12-20\", \"cliente\": \"Neltel1 Sindou1 Severi1 neto1\", \"hora_inicio\": \"08:00\", \"janela_tempo\": \"08:00 até 20:00\", \"total_servicos\": 2, \"tempo_total_max\": 720, \"tempo_total_min\": 360}', '187.75.21.238', 'Mozilla/5.0 (Windows NT 10.0; Win64; x64; rv:146.0) Gecko/20100101 Firefox/146.0', 'j4tifmc0qvjd2rk0srgufet651', '/sistema-ia.php', 'https://nmrefrigeracao.business/sistema-ia.php', '2025-12-16 20:19:02');
INSERT INTO `logs_sistema` (`id`, `tipo`, `mensagem`, `dados`, `ip_address`, `user_agent`, `sessao_id`, `pagina`, `referer`, `data_criacao`) VALUES ('1748', 'rate_limit', 'Tentativa bloqueada - IP: 187.75.21.238', '{\"tipo\": \"nova_conversa\", \"contador\": 6, \"bloqueado_ate\": \"2025-12-16 22:12:32\", \"tempo_restante\": 6806}', '187.75.21.238', 'Mozilla/5.0 (Windows NT 10.0; Win64; x64; rv:146.0) Gecko/20100101 Firefox/146.0', 'j4tifmc0qvjd2rk0srgufet651', '/sistema-ia.php', 'https://nmrefrigeracao.business/sistema-ia.php', '2025-12-16 20:19:06');
INSERT INTO `logs_sistema` (`id`, `tipo`, `mensagem`, `dados`, `ip_address`, `user_agent`, `sessao_id`, `pagina`, `referer`, `data_criacao`) VALUES ('1749', 'processamento_tentativa', 'Processando ação: selecionar_horario', '{\"acao\": \"selecionar_horario\", \"etapa\": 1, \"sessao\": \"j4tifmc0qvjd2rk0srgufet651\", \"resposta\": \"08:00 até 20:00\"}', '187.75.21.238', 'Mozilla/5.0 (Windows NT 10.0; Win64; x64; rv:146.0) Gecko/20100101 Firefox/146.0', 'j4tifmc0qvjd2rk0srgufet651', '/sistema-ia.php', 'https://nmrefrigeracao.business/sistema-ia.php', '2025-12-16 20:19:06');
INSERT INTO `logs_sistema` (`id`, `tipo`, `mensagem`, `dados`, `ip_address`, `user_agent`, `sessao_id`, `pagina`, `referer`, `data_criacao`) VALUES ('1750', 'horario_selecionado', 'Janela de horário selecionada', '{\"data\": \"2025-12-20\", \"janela\": \"08:00 até 20:00\", \"hora_inicio\": \"08:00\"}', '187.75.21.238', 'Mozilla/5.0 (Windows NT 10.0; Win64; x64; rv:146.0) Gecko/20100101 Firefox/146.0', 'j4tifmc0qvjd2rk0srgufet651', '/sistema-ia.php', 'https://nmrefrigeracao.business/sistema-ia.php', '2025-12-16 20:19:06');
INSERT INTO `logs_sistema` (`id`, `tipo`, `mensagem`, `dados`, `ip_address`, `user_agent`, `sessao_id`, `pagina`, `referer`, `data_criacao`) VALUES ('1751', 'resumo_mostrado', 'Resumo do agendamento mostrado ao usuário', '{\"cliente\": \"Neltel1 Sindou1 Severi1 neto1\", \"valor_total\": 550, \"janela_tempo\": \"08:00 até 20:00\", \"total_servicos\": 2, \"tempo_total_max\": 720, \"tempo_total_min\": 360}', '187.75.21.238', 'Mozilla/5.0 (Windows NT 10.0; Win64; x64; rv:146.0) Gecko/20100101 Firefox/146.0', 'j4tifmc0qvjd2rk0srgufet651', '/sistema-ia.php', 'https://nmrefrigeracao.business/sistema-ia.php', '2025-12-16 20:19:06');
INSERT INTO `logs_sistema` (`id`, `tipo`, `mensagem`, `dados`, `ip_address`, `user_agent`, `sessao_id`, `pagina`, `referer`, `data_criacao`) VALUES ('1752', 'rate_limit', 'Tentativa bloqueada - IP: 187.75.21.238', '{\"tipo\": \"nova_conversa\", \"contador\": 6, \"bloqueado_ate\": \"2025-12-16 22:12:32\", \"tempo_restante\": 6801}', '187.75.21.238', 'Mozilla/5.0 (Windows NT 10.0; Win64; x64; rv:146.0) Gecko/20100101 Firefox/146.0', 'j4tifmc0qvjd2rk0srgufet651', '/sistema-ia.php', 'https://nmrefrigeracao.business/sistema-ia.php', '2025-12-16 20:19:11');
INSERT INTO `logs_sistema` (`id`, `tipo`, `mensagem`, `dados`, `ip_address`, `user_agent`, `sessao_id`, `pagina`, `referer`, `data_criacao`) VALUES ('1753', 'processamento_tentativa', 'Processando ação: confirmar_resumo', '{\"acao\": \"confirmar_resumo\", \"etapa\": 1, \"sessao\": \"j4tifmc0qvjd2rk0srgufet651\", \"resposta\": \"sim\"}', '187.75.21.238', 'Mozilla/5.0 (Windows NT 10.0; Win64; x64; rv:146.0) Gecko/20100101 Firefox/146.0', 'j4tifmc0qvjd2rk0srgufet651', '/sistema-ia.php', 'https://nmrefrigeracao.business/sistema-ia.php', '2025-12-16 20:19:11');
INSERT INTO `logs_sistema` (`id`, `tipo`, `mensagem`, `dados`, `ip_address`, `user_agent`, `sessao_id`, `pagina`, `referer`, `data_criacao`) VALUES ('1754', 'salvamento_inicio', 'Iniciando salvamento do agendamento', '{\"data\": \"2025-12-20\", \"cliente\": \"Neltel1 Sindou1 Severi1 neto1\", \"hora_inicio\": \"08:00\", \"janela_tempo\": \"08:00 até 20:00\", \"total_servicos\": 2, \"tempo_total_max\": 720, \"tempo_total_min\": 360}', '187.75.21.238', 'Mozilla/5.0 (Windows NT 10.0; Win64; x64; rv:146.0) Gecko/20100101 Firefox/146.0', 'j4tifmc0qvjd2rk0srgufet651', '/sistema-ia.php', 'https://nmrefrigeracao.business/sistema-ia.php', '2025-12-16 20:19:11');
INSERT INTO `logs_sistema` (`id`, `tipo`, `mensagem`, `dados`, `ip_address`, `user_agent`, `sessao_id`, `pagina`, `referer`, `data_criacao`) VALUES ('1755', 'rate_limit', 'Tentativa bloqueada - IP: 187.75.21.238', '{\"tipo\": \"nova_conversa\", \"contador\": 6, \"bloqueado_ate\": \"2025-12-16 22:12:32\", \"tempo_restante\": 6791}', '187.75.21.238', 'Mozilla/5.0 (Windows NT 10.0; Win64; x64; rv:146.0) Gecko/20100101 Firefox/146.0', 'j4tifmc0qvjd2rk0srgufet651', '/sistema-ia.php', 'https://nmrefrigeracao.business/sistema-ia.php', '2025-12-16 20:19:21');
INSERT INTO `logs_sistema` (`id`, `tipo`, `mensagem`, `dados`, `ip_address`, `user_agent`, `sessao_id`, `pagina`, `referer`, `data_criacao`) VALUES ('1756', 'processamento_tentativa', 'Processando ação: selecionar_horario', '{\"acao\": \"selecionar_horario\", \"etapa\": 1, \"sessao\": \"j4tifmc0qvjd2rk0srgufet651\", \"resposta\": \"08:00 até 20:00\"}', '187.75.21.238', 'Mozilla/5.0 (Windows NT 10.0; Win64; x64; rv:146.0) Gecko/20100101 Firefox/146.0', 'j4tifmc0qvjd2rk0srgufet651', '/sistema-ia.php', 'https://nmrefrigeracao.business/sistema-ia.php', '2025-12-16 20:19:21');
INSERT INTO `logs_sistema` (`id`, `tipo`, `mensagem`, `dados`, `ip_address`, `user_agent`, `sessao_id`, `pagina`, `referer`, `data_criacao`) VALUES ('1757', 'horario_selecionado', 'Janela de horário selecionada', '{\"data\": \"2025-12-20\", \"janela\": \"08:00 até 20:00\", \"hora_inicio\": \"08:00\"}', '187.75.21.238', 'Mozilla/5.0 (Windows NT 10.0; Win64; x64; rv:146.0) Gecko/20100101 Firefox/146.0', 'j4tifmc0qvjd2rk0srgufet651', '/sistema-ia.php', 'https://nmrefrigeracao.business/sistema-ia.php', '2025-12-16 20:19:21');
INSERT INTO `logs_sistema` (`id`, `tipo`, `mensagem`, `dados`, `ip_address`, `user_agent`, `sessao_id`, `pagina`, `referer`, `data_criacao`) VALUES ('1758', 'resumo_mostrado', 'Resumo do agendamento mostrado ao usuário', '{\"cliente\": \"Neltel1 Sindou1 Severi1 neto1\", \"valor_total\": 550, \"janela_tempo\": \"08:00 até 20:00\", \"total_servicos\": 2, \"tempo_total_max\": 720, \"tempo_total_min\": 360}', '187.75.21.238', 'Mozilla/5.0 (Windows NT 10.0; Win64; x64; rv:146.0) Gecko/20100101 Firefox/146.0', 'j4tifmc0qvjd2rk0srgufet651', '/sistema-ia.php', 'https://nmrefrigeracao.business/sistema-ia.php', '2025-12-16 20:19:21');
INSERT INTO `logs_sistema` (`id`, `tipo`, `mensagem`, `dados`, `ip_address`, `user_agent`, `sessao_id`, `pagina`, `referer`, `data_criacao`) VALUES ('1759', 'sessao', 'Conversa reiniciada pelo usuário', '{\"ip\": \"187.75.21.238\", \"sessao_nova\": \"j4tifmc0qvjd2rk0srgufet651\", \"sessao_antiga\": \"j4tifmc0qvjd2rk0srgufet651\"}', '187.75.21.238', 'Mozilla/5.0 (Windows NT 10.0; Win64; x64; rv:146.0) Gecko/20100101 Firefox/146.0', 'j4tifmc0qvjd2rk0srgufet651', '/sistema-ia.php', 'https://nmrefrigeracao.business/sistema-ia.php', '2025-12-16 20:19:24');
INSERT INTO `logs_sistema` (`id`, `tipo`, `mensagem`, `dados`, `ip_address`, `user_agent`, `sessao_id`, `pagina`, `referer`, `data_criacao`) VALUES ('1760', 'conversa_inicio', 'Nova conversa iniciada', '{\"ip\": \"187.75.21.238\", \"sessao_id\": \"j4tifmc0qvjd2rk0srgufet651\", \"user_agent\": \"Mozilla/5.0 (Windows NT 10.0; Win64; x64; rv:146.0) Gecko/20100101 Firefox/146.0\"}', '187.75.21.238', 'Mozilla/5.0 (Windows NT 10.0; Win64; x64; rv:146.0) Gecko/20100101 Firefox/146.0', 'j4tifmc0qvjd2rk0srgufet651', '/sistema-ia.php', 'https://nmrefrigeracao.business/sistema-ia.php', '2025-12-16 20:19:24');
INSERT INTO `logs_sistema` (`id`, `tipo`, `mensagem`, `dados`, `ip_address`, `user_agent`, `sessao_id`, `pagina`, `referer`, `data_criacao`) VALUES ('1761', 'servicos_carregados', 'Serviços carregados do banco', '{\"quantidade\": 5}', '187.75.21.238', 'Mozilla/5.0 (Windows NT 10.0; Win64; x64; rv:146.0) Gecko/20100101 Firefox/146.0', 'j4tifmc0qvjd2rk0srgufet651', '/sistema-ia.php', 'https://nmrefrigeracao.business/sistema-ia.php', '2025-12-16 20:19:24');
INSERT INTO `logs_sistema` (`id`, `tipo`, `mensagem`, `dados`, `ip_address`, `user_agent`, `sessao_id`, `pagina`, `referer`, `data_criacao`) VALUES ('1762', 'processamento_tentativa', 'Processando ação: iniciar', '{\"acao\": \"iniciar\", \"etapa\": 1, \"sessao\": \"j4tifmc0qvjd2rk0srgufet651\", \"resposta\": \"\"}', '187.75.21.238', 'Mozilla/5.0 (Windows NT 10.0; Win64; x64; rv:146.0) Gecko/20100101 Firefox/146.0', 'j4tifmc0qvjd2rk0srgufet651', '/sistema-ia.php', 'https://nmrefrigeracao.business/sistema-ia.php', '2025-12-16 20:19:27');
INSERT INTO `logs_sistema` (`id`, `tipo`, `mensagem`, `dados`, `ip_address`, `user_agent`, `sessao_id`, `pagina`, `referer`, `data_criacao`) VALUES ('1763', 'conversa_etapa', 'Início do agendamento', '{\"etapa\": \"inicio\", \"sessao\": \"j4tifmc0qvjd2rk0srgufet651\"}', '187.75.21.238', 'Mozilla/5.0 (Windows NT 10.0; Win64; x64; rv:146.0) Gecko/20100101 Firefox/146.0', 'j4tifmc0qvjd2rk0srgufet651', '/sistema-ia.php', 'https://nmrefrigeracao.business/sistema-ia.php', '2025-12-16 20:19:27');
INSERT INTO `logs_sistema` (`id`, `tipo`, `mensagem`, `dados`, `ip_address`, `user_agent`, `sessao_id`, `pagina`, `referer`, `data_criacao`) VALUES ('1764', 'processamento_tentativa', 'Processando ação: nome', '{\"acao\": \"nome\", \"etapa\": 1, \"sessao\": \"j4tifmc0qvjd2rk0srgufet651\", \"resposta\": \"sdsdsd\"}', '187.75.21.238', 'Mozilla/5.0 (Windows NT 10.0; Win64; x64; rv:146.0) Gecko/20100101 Firefox/146.0', 'j4tifmc0qvjd2rk0srgufet651', '/sistema-ia.php', 'https://nmrefrigeracao.business/sistema-ia.php', '2025-12-16 20:19:31');
INSERT INTO `logs_sistema` (`id`, `tipo`, `mensagem`, `dados`, `ip_address`, `user_agent`, `sessao_id`, `pagina`, `referer`, `data_criacao`) VALUES ('1765', 'conversa_etapa', 'Nome recebido', '{\"nome\": \"sdsdsd\", \"etapa\": \"nome\", \"primeiro_nome\": \"sdsdsd\"}', '187.75.21.238', 'Mozilla/5.0 (Windows NT 10.0; Win64; x64; rv:146.0) Gecko/20100101 Firefox/146.0', 'j4tifmc0qvjd2rk0srgufet651', '/sistema-ia.php', 'https://nmrefrigeracao.business/sistema-ia.php', '2025-12-16 20:19:31');

